id,bertscore_precision,bertscore_recall,bertscore_f1,method
0,0.6123752593994141,0.6564435958862305,0.633644163608551,BERTScore-deberta-xlarge-mnli
1,0.6196706295013428,0.642000138759613,0.6306377649307251,BERTScore-deberta-xlarge-mnli
2,0.5902266502380371,0.5948153734207153,0.5925121307373047,BERTScore-deberta-xlarge-mnli
3,0.6011060476303101,0.6482436060905457,0.6237856149673462,BERTScore-deberta-xlarge-mnli
4,0.6455010175704956,0.6880890727043152,0.6661150455474854,BERTScore-deberta-xlarge-mnli
5,0.5861777067184448,0.6987490653991699,0.6375322937965393,BERTScore-deberta-xlarge-mnli
6,0.5552310943603516,0.5824097990989685,0.5684957504272461,BERTScore-deberta-xlarge-mnli
7,0.6125454902648926,0.6539288759231567,0.6325610876083374,BERTScore-deberta-xlarge-mnli
8,0.5863127708435059,0.6243559718132019,0.6047366261482239,BERTScore-deberta-xlarge-mnli
9,0.6214521527290344,0.6276646256446838,0.6245429515838623,BERTScore-deberta-xlarge-mnli
10,0.5803789496421814,0.6360399723052979,0.6069359183311462,BERTScore-deberta-xlarge-mnli
11,0.5946794748306274,0.5875318646430969,0.5910840034484863,BERTScore-deberta-xlarge-mnli
12,0.559463620185852,0.6330485343933105,0.5939857363700867,BERTScore-deberta-xlarge-mnli
13,0.5866063833236694,0.5731672644615173,0.5798090100288391,BERTScore-deberta-xlarge-mnli
14,0.5831204652786255,0.6593899726867676,0.6189143657684326,BERTScore-deberta-xlarge-mnli
15,0.6625046133995056,0.6730800867080688,0.6677504777908325,BERTScore-deberta-xlarge-mnli
16,0.6257539391517639,0.6125472784042358,0.6190801858901978,BERTScore-deberta-xlarge-mnli
17,0.6135970950126648,0.6279492974281311,0.6206902861595154,BERTScore-deberta-xlarge-mnli
18,0.5920923948287964,0.6577512621879578,0.6231971979141235,BERTScore-deberta-xlarge-mnli
19,0.5754041075706482,0.6334995627403259,0.6030558943748474,BERTScore-deberta-xlarge-mnli
20,0.5872973203659058,0.5998587012290955,0.5935115814208984,BERTScore-deberta-xlarge-mnli
21,0.48405033349990845,0.45802953839302063,0.4706805646419525,BERTScore-deberta-xlarge-mnli
22,0.5570598840713501,0.6072747707366943,0.5810845494270325,BERTScore-deberta-xlarge-mnli
23,0.610310435295105,0.6709215641021729,0.6391823291778564,BERTScore-deberta-xlarge-mnli
24,0.5798043012619019,0.5946938991546631,0.5871546864509583,BERTScore-deberta-xlarge-mnli
25,0.577984094619751,0.5781295895576477,0.5780568718910217,BERTScore-deberta-xlarge-mnli
26,0.6096677780151367,0.6159521341323853,0.6127938032150269,BERTScore-deberta-xlarge-mnli
27,0.5785812139511108,0.6609918475151062,0.617047131061554,BERTScore-deberta-xlarge-mnli
28,0.5927532911300659,0.6034130454063416,0.5980356931686401,BERTScore-deberta-xlarge-mnli
29,0.46344947814941406,0.5237332582473755,0.49175071716308594,BERTScore-deberta-xlarge-mnli
30,0.6048294305801392,0.6917916536331177,0.6453943252563477,BERTScore-deberta-xlarge-mnli
31,0.564895749092102,0.6011120080947876,0.5824413895606995,BERTScore-deberta-xlarge-mnli
32,0.5143333673477173,0.580988883972168,0.5456329584121704,BERTScore-deberta-xlarge-mnli
33,0.6326326727867126,0.7102185487747192,0.6691843271255493,BERTScore-deberta-xlarge-mnli
34,0.47261762619018555,0.5243002772331238,0.497119277715683,BERTScore-deberta-xlarge-mnli
35,0.62945556640625,0.7081934213638306,0.6665071249008179,BERTScore-deberta-xlarge-mnli
36,0.6529669761657715,0.6907933354377747,0.6713477969169617,BERTScore-deberta-xlarge-mnli
37,0.5984203815460205,0.6368295550346375,0.617027759552002,BERTScore-deberta-xlarge-mnli
38,0.6219590902328491,0.6486870050430298,0.6350419521331787,BERTScore-deberta-xlarge-mnli
39,0.5908883213996887,0.6303845047950745,0.6099977493286133,BERTScore-deberta-xlarge-mnli
40,0.6113098859786987,0.6148720979690552,0.6130858063697815,BERTScore-deberta-xlarge-mnli
41,0.5845546722412109,0.6065160036087036,0.5953329205513,BERTScore-deberta-xlarge-mnli
42,0.6208904981613159,0.6245092153549194,0.6226946115493774,BERTScore-deberta-xlarge-mnli
43,0.5825012922286987,0.6113281846046448,0.5965666770935059,BERTScore-deberta-xlarge-mnli
44,0.6467597484588623,0.6437795162200928,0.6452662348747253,BERTScore-deberta-xlarge-mnli
45,0.6094931364059448,0.688429594039917,0.6465610265731812,BERTScore-deberta-xlarge-mnli
46,0.6008477807044983,0.6264528632164001,0.6133832335472107,BERTScore-deberta-xlarge-mnli
48,0.6346997022628784,0.6224403977394104,0.6285102367401123,BERTScore-deberta-xlarge-mnli
49,0.6090155839920044,0.6729617118835449,0.6393938064575195,BERTScore-deberta-xlarge-mnli
50,0.5871217846870422,0.6637865304946899,0.6231048703193665,BERTScore-deberta-xlarge-mnli
51,0.6457403898239136,0.7182956337928772,0.6800882816314697,BERTScore-deberta-xlarge-mnli
52,0.6178148984909058,0.6572877168655396,0.6369403600692749,BERTScore-deberta-xlarge-mnli
53,0.5592396855354309,0.6410540342330933,0.5973585247993469,BERTScore-deberta-xlarge-mnli
54,0.6590050458908081,0.6844602823257446,0.6714915037155151,BERTScore-deberta-xlarge-mnli
55,0.6133614778518677,0.6731934547424316,0.6418862342834473,BERTScore-deberta-xlarge-mnli
56,0.5579265356063843,0.6514550447463989,0.60107421875,BERTScore-deberta-xlarge-mnli
57,0.5372333526611328,0.5794576406478882,0.5575472116470337,BERTScore-deberta-xlarge-mnli
58,0.6052436828613281,0.6255422830581665,0.615225613117218,BERTScore-deberta-xlarge-mnli
59,0.5888147950172424,0.64249587059021,0.6144852042198181,BERTScore-deberta-xlarge-mnli
60,0.5841301679611206,0.6709458827972412,0.6245354413986206,BERTScore-deberta-xlarge-mnli
61,0.5982143878936768,0.7017248868942261,0.6458485126495361,BERTScore-deberta-xlarge-mnli
62,0.5717970132827759,0.6291472911834717,0.599102795124054,BERTScore-deberta-xlarge-mnli
63,0.6359733939170837,0.6261178255081177,0.631007194519043,BERTScore-deberta-xlarge-mnli
64,0.6509182453155518,0.7321075797080994,0.6891297698020935,BERTScore-deberta-xlarge-mnli
65,0.6068036556243896,0.6165269613265991,0.6116266846656799,BERTScore-deberta-xlarge-mnli
66,0.6505286693572998,0.7076467871665955,0.6778866648674011,BERTScore-deberta-xlarge-mnli
67,0.5882594585418701,0.6152912974357605,0.6014717817306519,BERTScore-deberta-xlarge-mnli
68,0.48275965452194214,0.5557228922843933,0.5166780948638916,BERTScore-deberta-xlarge-mnli
69,0.5295435190200806,0.5821201205253601,0.5545885562896729,BERTScore-deberta-xlarge-mnli
70,0.5764621496200562,0.6624116897583008,0.6164554953575134,BERTScore-deberta-xlarge-mnli
71,0.6263434886932373,0.6101827025413513,0.6181574463844299,BERTScore-deberta-xlarge-mnli
72,0.6597900390625,0.6726781725883484,0.6661717295646667,BERTScore-deberta-xlarge-mnli
73,0.6151000261306763,0.6096833944320679,0.6123797297477722,BERTScore-deberta-xlarge-mnli
74,0.5625866055488586,0.6237651109695435,0.591598391532898,BERTScore-deberta-xlarge-mnli
75,0.6130158305168152,0.6328723430633545,0.6227858066558838,BERTScore-deberta-xlarge-mnli
76,0.629457950592041,0.637333869934082,0.6333714127540588,BERTScore-deberta-xlarge-mnli
77,0.6022416949272156,0.6334394812583923,0.617446780204773,BERTScore-deberta-xlarge-mnli
78,0.6725276708602905,0.6425210237503052,0.657181978225708,BERTScore-deberta-xlarge-mnli
79,0.5969851016998291,0.6452935934066772,0.6202000379562378,BERTScore-deberta-xlarge-mnli
80,0.6059620380401611,0.6574983596801758,0.6306791305541992,BERTScore-deberta-xlarge-mnli
81,0.6048051118850708,0.613580584526062,0.6091612577438354,BERTScore-deberta-xlarge-mnli
82,0.6595062613487244,0.6355578303337097,0.6473106145858765,BERTScore-deberta-xlarge-mnli
83,0.5710663199424744,0.6122088432312012,0.5909222960472107,BERTScore-deberta-xlarge-mnli
84,0.6298801898956299,0.6639044284820557,0.6464449167251587,BERTScore-deberta-xlarge-mnli
85,0.6224478483200073,0.6805726289749146,0.6502138376235962,BERTScore-deberta-xlarge-mnli
86,0.6082767248153687,0.6388689279556274,0.623197615146637,BERTScore-deberta-xlarge-mnli
87,0.5831102132797241,0.5946723222732544,0.5888345241546631,BERTScore-deberta-xlarge-mnli
88,0.6174604892730713,0.6125972270965576,0.6150192618370056,BERTScore-deberta-xlarge-mnli
89,0.6223357319831848,0.6785566806793213,0.6492313742637634,BERTScore-deberta-xlarge-mnli
90,0.6666434407234192,0.6472735404968262,0.656815767288208,BERTScore-deberta-xlarge-mnli
91,0.559966504573822,0.6311356425285339,0.593424916267395,BERTScore-deberta-xlarge-mnli
92,0.6371483206748962,0.6481282711029053,0.6425914168357849,BERTScore-deberta-xlarge-mnli
93,0.5801918506622314,0.6068426966667175,0.5932180285453796,BERTScore-deberta-xlarge-mnli
94,0.5186507105827332,0.5494184494018555,0.5335913896560669,BERTScore-deberta-xlarge-mnli
95,0.6438883543014526,0.6434044241905212,0.6436463594436646,BERTScore-deberta-xlarge-mnli
96,0.6058230400085449,0.6525083780288696,0.6282997131347656,BERTScore-deberta-xlarge-mnli
97,0.6290766000747681,0.6500716209411621,0.6394017934799194,BERTScore-deberta-xlarge-mnli
98,0.6037161350250244,0.6451399326324463,0.6237410306930542,BERTScore-deberta-xlarge-mnli
99,0.6062617897987366,0.6384769082069397,0.621952474117279,BERTScore-deberta-xlarge-mnli
100,0.589387059211731,0.6699000597000122,0.6270697712898254,BERTScore-deberta-xlarge-mnli
101,0.5957319736480713,0.6100443601608276,0.6028032302856445,BERTScore-deberta-xlarge-mnli
102,0.6086077690124512,0.659826397895813,0.6331830024719238,BERTScore-deberta-xlarge-mnli
103,0.6041523218154907,0.6158825755119324,0.6099610924720764,BERTScore-deberta-xlarge-mnli
104,0.5685161352157593,0.6421272158622742,0.6030837893486023,BERTScore-deberta-xlarge-mnli
105,0.6318250894546509,0.7104940414428711,0.668854296207428,BERTScore-deberta-xlarge-mnli
106,0.606144905090332,0.5831387042999268,0.5944192409515381,BERTScore-deberta-xlarge-mnli
107,0.519944429397583,0.5890618562698364,0.5523492693901062,BERTScore-deberta-xlarge-mnli
108,0.6206314563751221,0.6318947672843933,0.6262124180793762,BERTScore-deberta-xlarge-mnli
109,0.5795758962631226,0.6263574361801147,0.6020592451095581,BERTScore-deberta-xlarge-mnli
110,0.5665357112884521,0.6085058450698853,0.5867712497711182,BERTScore-deberta-xlarge-mnli
111,0.5787476301193237,0.5877159833908081,0.5831973552703857,BERTScore-deberta-xlarge-mnli
112,0.52857506275177,0.6250934600830078,0.5727967619895935,BERTScore-deberta-xlarge-mnli
113,0.5423998832702637,0.5834360122680664,0.5621700882911682,BERTScore-deberta-xlarge-mnli
114,0.6472339630126953,0.696640133857727,0.6710288524627686,BERTScore-deberta-xlarge-mnli
115,0.6409633159637451,0.6583384275436401,0.6495347023010254,BERTScore-deberta-xlarge-mnli
116,0.5973029136657715,0.6193297505378723,0.6081169843673706,BERTScore-deberta-xlarge-mnli
117,0.6352393627166748,0.6506469249725342,0.6428508758544922,BERTScore-deberta-xlarge-mnli
118,0.5937579870223999,0.6602903604507446,0.625259280204773,BERTScore-deberta-xlarge-mnli
119,0.5593100786209106,0.580502450466156,0.5697092413902283,BERTScore-deberta-xlarge-mnli
120,0.5858491659164429,0.5780084133148193,0.5819023847579956,BERTScore-deberta-xlarge-mnli
121,0.604295551776886,0.7036186456680298,0.650185763835907,BERTScore-deberta-xlarge-mnli
122,0.586506724357605,0.5900189876556396,0.5882576107978821,BERTScore-deberta-xlarge-mnli
123,0.5033799409866333,0.6193892955780029,0.5553913116455078,BERTScore-deberta-xlarge-mnli
124,0.5534157752990723,0.533920407295227,0.5434933304786682,BERTScore-deberta-xlarge-mnli
125,0.6018132567405701,0.6279433965682983,0.6146007180213928,BERTScore-deberta-xlarge-mnli
126,0.5793849229812622,0.623504638671875,0.6006356477737427,BERTScore-deberta-xlarge-mnli
127,0.5803300142288208,0.6654930114746094,0.6200006604194641,BERTScore-deberta-xlarge-mnli
128,0.5645835399627686,0.6518439054489136,0.6050838828086853,BERTScore-deberta-xlarge-mnli
129,0.6466220021247864,0.6668879389762878,0.6565986275672913,BERTScore-deberta-xlarge-mnli
130,0.6217725276947021,0.6421841382980347,0.6318135261535645,BERTScore-deberta-xlarge-mnli
131,0.6039095520973206,0.718670129776001,0.6563109755516052,BERTScore-deberta-xlarge-mnli
132,0.6607611179351807,0.6852943301200867,0.6728041172027588,BERTScore-deberta-xlarge-mnli
133,0.5705019235610962,0.6083491444587708,0.5888179540634155,BERTScore-deberta-xlarge-mnli
134,0.591525137424469,0.6219900846481323,0.6063752174377441,BERTScore-deberta-xlarge-mnli
135,0.6272181272506714,0.6105894446372986,0.6187921166419983,BERTScore-deberta-xlarge-mnli
136,0.6023004651069641,0.6549026966094971,0.6275011301040649,BERTScore-deberta-xlarge-mnli
137,0.6672474145889282,0.7048200368881226,0.685519278049469,BERTScore-deberta-xlarge-mnli
138,0.6833689212799072,0.6700409650802612,0.6766393184661865,BERTScore-deberta-xlarge-mnli
139,0.6191339492797852,0.5648785829544067,0.5907631516456604,BERTScore-deberta-xlarge-mnli
140,0.6254259347915649,0.674511194229126,0.6490418314933777,BERTScore-deberta-xlarge-mnli
141,0.5750099420547485,0.6109079718589783,0.5924156904220581,BERTScore-deberta-xlarge-mnli
142,0.5991529226303101,0.6963163614273071,0.6440908908843994,BERTScore-deberta-xlarge-mnli
143,0.5345808267593384,0.5728307366371155,0.5530451536178589,BERTScore-deberta-xlarge-mnli
144,0.5934665203094482,0.6046855449676514,0.5990234613418579,BERTScore-deberta-xlarge-mnli
145,0.6069737672805786,0.6373682022094727,0.6217997670173645,BERTScore-deberta-xlarge-mnli
146,0.6489409804344177,0.6318170428276062,0.6402645707130432,BERTScore-deberta-xlarge-mnli
147,0.6342447996139526,0.612445592880249,0.6231545805931091,BERTScore-deberta-xlarge-mnli
148,0.5518879890441895,0.6013550758361816,0.5755605697631836,BERTScore-deberta-xlarge-mnli
149,0.693224310874939,0.7292459607124329,0.7107790112495422,BERTScore-deberta-xlarge-mnli
150,0.650941014289856,0.6235253214836121,0.6369383335113525,BERTScore-deberta-xlarge-mnli
151,0.6079583764076233,0.6416052579879761,0.6243287324905396,BERTScore-deberta-xlarge-mnli
152,0.6053268909454346,0.6499620676040649,0.626850962638855,BERTScore-deberta-xlarge-mnli
153,0.5851946473121643,0.6663704514503479,0.6231500506401062,BERTScore-deberta-xlarge-mnli
154,0.6178731918334961,0.7326099872589111,0.6703675985336304,BERTScore-deberta-xlarge-mnli
155,0.6191872358322144,0.6790820956230164,0.647753119468689,BERTScore-deberta-xlarge-mnli
156,0.6018497943878174,0.6400089263916016,0.6203430891036987,BERTScore-deberta-xlarge-mnli
157,0.6562186479568481,0.6392210125923157,0.6476082801818848,BERTScore-deberta-xlarge-mnli
158,0.6737245321273804,0.665831983089447,0.6697550415992737,BERTScore-deberta-xlarge-mnli
159,0.5769383311271667,0.7017821073532104,0.6332658529281616,BERTScore-deberta-xlarge-mnli
160,0.6174571514129639,0.6512548327445984,0.633905827999115,BERTScore-deberta-xlarge-mnli
161,0.5351107120513916,0.5699139833450317,0.551964282989502,BERTScore-deberta-xlarge-mnli
162,0.6327963471412659,0.7044277191162109,0.6666935086250305,BERTScore-deberta-xlarge-mnli
163,0.6597104072570801,0.6557599902153015,0.6577292680740356,BERTScore-deberta-xlarge-mnli
164,0.5380731821060181,0.5502756834030151,0.5441060066223145,BERTScore-deberta-xlarge-mnli
165,0.6111984848976135,0.6624032855033875,0.6357715129852295,BERTScore-deberta-xlarge-mnli
166,0.5893265604972839,0.6340882778167725,0.6108885407447815,BERTScore-deberta-xlarge-mnli
167,0.573294997215271,0.5906670689582825,0.5818513631820679,BERTScore-deberta-xlarge-mnli
168,0.6441908478736877,0.6792112588882446,0.6612376570701599,BERTScore-deberta-xlarge-mnli
169,0.6066257953643799,0.6900724172592163,0.6456640958786011,BERTScore-deberta-xlarge-mnli
170,0.5493775606155396,0.6083399057388306,0.5773572325706482,BERTScore-deberta-xlarge-mnli
171,0.5684128999710083,0.6350023746490479,0.5998653173446655,BERTScore-deberta-xlarge-mnli
172,0.5913514494895935,0.6756649017333984,0.6307028532028198,BERTScore-deberta-xlarge-mnli
173,0.5910035371780396,0.6175066232681274,0.6039644479751587,BERTScore-deberta-xlarge-mnli
174,0.6363067030906677,0.6845097541809082,0.6595286130905151,BERTScore-deberta-xlarge-mnli
175,0.5872724056243896,0.5857769846916199,0.586523711681366,BERTScore-deberta-xlarge-mnli
176,0.6281483173370361,0.6448636054992676,0.6363962292671204,BERTScore-deberta-xlarge-mnli
177,0.614285945892334,0.6628556251525879,0.637647271156311,BERTScore-deberta-xlarge-mnli
178,0.6694985628128052,0.6913654804229736,0.6802563071250916,BERTScore-deberta-xlarge-mnli
179,0.5743675827980042,0.5918466448783875,0.5829761624336243,BERTScore-deberta-xlarge-mnli
180,0.5515403747558594,0.6154930591583252,0.5817644596099854,BERTScore-deberta-xlarge-mnli
181,0.5871362686157227,0.6673853993415833,0.6246941685676575,BERTScore-deberta-xlarge-mnli
182,0.6802591681480408,0.6621387004852295,0.6710765957832336,BERTScore-deberta-xlarge-mnli
183,0.6402026414871216,0.6488227844238281,0.6444839239120483,BERTScore-deberta-xlarge-mnli
184,0.5951669812202454,0.6872234344482422,0.6378911137580872,BERTScore-deberta-xlarge-mnli
185,0.6007089018821716,0.5510895848274231,0.5748304128646851,BERTScore-deberta-xlarge-mnli
186,0.6023398637771606,0.6526627540588379,0.6264923810958862,BERTScore-deberta-xlarge-mnli
187,0.6466681957244873,0.7034798264503479,0.6738787889480591,BERTScore-deberta-xlarge-mnli
188,0.6042557954788208,0.6587991118431091,0.6303498148918152,BERTScore-deberta-xlarge-mnli
189,0.6322550773620605,0.6271616816520691,0.6296980381011963,BERTScore-deberta-xlarge-mnli
190,0.6071972846984863,0.6821582317352295,0.6424987316131592,BERTScore-deberta-xlarge-mnli
191,0.5851585865020752,0.6199278831481934,0.6020416617393494,BERTScore-deberta-xlarge-mnli
192,0.5963625907897949,0.6057886481285095,0.6010386347770691,BERTScore-deberta-xlarge-mnli
193,0.5735281705856323,0.6417772769927979,0.6057363152503967,BERTScore-deberta-xlarge-mnli
194,0.6113253831863403,0.6935708522796631,0.6498562097549438,BERTScore-deberta-xlarge-mnli
195,0.5045902729034424,0.5626249313354492,0.5320296883583069,BERTScore-deberta-xlarge-mnli
196,0.5484020709991455,0.5854636430740356,0.5663271546363831,BERTScore-deberta-xlarge-mnli
197,0.6345852017402649,0.6707358360290527,0.6521599292755127,BERTScore-deberta-xlarge-mnli
198,0.5696854591369629,0.5921275615692139,0.5806897878646851,BERTScore-deberta-xlarge-mnli
199,0.5393373966217041,0.6394121646881104,0.5851266384124756,BERTScore-deberta-xlarge-mnli
200,0.6297925114631653,0.6952424049377441,0.6609010696411133,BERTScore-deberta-xlarge-mnli
201,0.6046316027641296,0.6391228437423706,0.6213989853858948,BERTScore-deberta-xlarge-mnli
202,0.6351936459541321,0.6832462549209595,0.6583442091941833,BERTScore-deberta-xlarge-mnli
203,0.6700342893600464,0.7066938877105713,0.6878759860992432,BERTScore-deberta-xlarge-mnli
204,0.5615997314453125,0.7052500247955322,0.625280499458313,BERTScore-deberta-xlarge-mnli
205,0.5266854763031006,0.5534183979034424,0.5397211313247681,BERTScore-deberta-xlarge-mnli
206,0.5701678991317749,0.6659814119338989,0.6143614053726196,BERTScore-deberta-xlarge-mnli
207,0.6222765445709229,0.6502640843391418,0.6359626054763794,BERTScore-deberta-xlarge-mnli
208,0.61348557472229,0.6362823843955994,0.6246760487556458,BERTScore-deberta-xlarge-mnli
209,0.6688300371170044,0.684986412525177,0.6768117547035217,BERTScore-deberta-xlarge-mnli
210,0.6210618019104004,0.6697332859039307,0.6444799304008484,BERTScore-deberta-xlarge-mnli
211,0.6195869445800781,0.6849037408828735,0.650610089302063,BERTScore-deberta-xlarge-mnli
212,0.5965564250946045,0.6754403710365295,0.6335524320602417,BERTScore-deberta-xlarge-mnli
213,0.5576008558273315,0.6381579637527466,0.5951659083366394,BERTScore-deberta-xlarge-mnli
214,0.5780614018440247,0.641441285610199,0.6081043481826782,BERTScore-deberta-xlarge-mnli
215,0.6157196164131165,0.6547613739967346,0.634640634059906,BERTScore-deberta-xlarge-mnli
216,0.583684504032135,0.6399790644645691,0.6105368733406067,BERTScore-deberta-xlarge-mnli
217,0.527502715587616,0.5964782238006592,0.5598740577697754,BERTScore-deberta-xlarge-mnli
218,0.6312886476516724,0.6610788702964783,0.6458404064178467,BERTScore-deberta-xlarge-mnli
219,0.6113115549087524,0.6122727394104004,0.611791729927063,BERTScore-deberta-xlarge-mnli
220,0.5803583860397339,0.6385427713394165,0.6080618500709534,BERTScore-deberta-xlarge-mnli
221,0.548588216304779,0.6548468470573425,0.5970264673233032,BERTScore-deberta-xlarge-mnli
222,0.6632804870605469,0.6258834004402161,0.6440395712852478,BERTScore-deberta-xlarge-mnli
223,0.6224268078804016,0.6526573300361633,0.6371837258338928,BERTScore-deberta-xlarge-mnli
224,0.5867339968681335,0.6067341566085815,0.5965664982795715,BERTScore-deberta-xlarge-mnli
225,0.6158992052078247,0.6835304498672485,0.6479548215866089,BERTScore-deberta-xlarge-mnli
226,0.5137017369270325,0.6366165280342102,0.5685922503471375,BERTScore-deberta-xlarge-mnli
227,0.5572608709335327,0.5727952718734741,0.5649213194847107,BERTScore-deberta-xlarge-mnli
228,0.5755808353424072,0.5703243613243103,0.5729405283927917,BERTScore-deberta-xlarge-mnli
229,0.5870074033737183,0.6325847506523132,0.6089444756507874,BERTScore-deberta-xlarge-mnli
230,0.5700751543045044,0.6436653137207031,0.6046393513679504,BERTScore-deberta-xlarge-mnli
231,0.5903319716453552,0.6339148283004761,0.6113476753234863,BERTScore-deberta-xlarge-mnli
232,0.6463992595672607,0.6997087597846985,0.6719984412193298,BERTScore-deberta-xlarge-mnli
233,0.5624070763587952,0.6307934522628784,0.5946404933929443,BERTScore-deberta-xlarge-mnli
234,0.6307247877120972,0.6869512796401978,0.6576383709907532,BERTScore-deberta-xlarge-mnli
235,0.6225082278251648,0.6636000871658325,0.6423977613449097,BERTScore-deberta-xlarge-mnli
236,0.5894848108291626,0.6723355054855347,0.6281902194023132,BERTScore-deberta-xlarge-mnli
237,0.5728256702423096,0.6355533003807068,0.602561354637146,BERTScore-deberta-xlarge-mnli
238,0.5836387872695923,0.5950134992599487,0.5892712473869324,BERTScore-deberta-xlarge-mnli
239,0.6236828565597534,0.674759566783905,0.6482166647911072,BERTScore-deberta-xlarge-mnli
240,0.6437655687332153,0.7246648669242859,0.6818239092826843,BERTScore-deberta-xlarge-mnli
241,0.6393776535987854,0.648095965385437,0.643707275390625,BERTScore-deberta-xlarge-mnli
242,0.6139996647834778,0.6777825355529785,0.6443164944648743,BERTScore-deberta-xlarge-mnli
243,0.6036348342895508,0.623519778251648,0.6134161949157715,BERTScore-deberta-xlarge-mnli
244,0.5942429900169373,0.6530120372772217,0.6222429275512695,BERTScore-deberta-xlarge-mnli
245,0.5686249136924744,0.6775901317596436,0.6183436512947083,BERTScore-deberta-xlarge-mnli
246,0.5999915599822998,0.634675145149231,0.6168462038040161,BERTScore-deberta-xlarge-mnli
247,0.6294872164726257,0.6666364073753357,0.6475294232368469,BERTScore-deberta-xlarge-mnli
248,0.5996612310409546,0.6259416341781616,0.6125196218490601,BERTScore-deberta-xlarge-mnli
249,0.6080490350723267,0.6119113564491272,0.6099740266799927,BERTScore-deberta-xlarge-mnli
250,0.6240384578704834,0.6444888114929199,0.6340987682342529,BERTScore-deberta-xlarge-mnli
251,0.6329156756401062,0.6305564641952515,0.6317338943481445,BERTScore-deberta-xlarge-mnli
252,0.6158332824707031,0.6625396013259888,0.6383332014083862,BERTScore-deberta-xlarge-mnli
253,0.5815902948379517,0.5811268091201782,0.5813584327697754,BERTScore-deberta-xlarge-mnli
254,0.6650161147117615,0.6959109306335449,0.6801128387451172,BERTScore-deberta-xlarge-mnli
255,0.6035776138305664,0.6431747674942017,0.6227473616600037,BERTScore-deberta-xlarge-mnli
256,0.5418651103973389,0.6250119209289551,0.5804761648178101,BERTScore-deberta-xlarge-mnli
257,0.636254608631134,0.7081413269042969,0.6702760457992554,BERTScore-deberta-xlarge-mnli
258,0.6518458127975464,0.6428979635238647,0.6473409533500671,BERTScore-deberta-xlarge-mnli
259,0.5981059670448303,0.6308659911155701,0.6140493154525757,BERTScore-deberta-xlarge-mnli
260,0.5917971730232239,0.6180292367935181,0.6046288013458252,BERTScore-deberta-xlarge-mnli
261,0.6166810989379883,0.6335643529891968,0.625008761882782,BERTScore-deberta-xlarge-mnli
262,0.5269089341163635,0.581973135471344,0.5530738830566406,BERTScore-deberta-xlarge-mnli
263,0.663988471031189,0.647295355796814,0.6555356979370117,BERTScore-deberta-xlarge-mnli
264,0.6583431959152222,0.6651805639266968,0.6617441773414612,BERTScore-deberta-xlarge-mnli
265,0.6171140670776367,0.6628170013427734,0.63914954662323,BERTScore-deberta-xlarge-mnli
266,0.6007018089294434,0.6217550039291382,0.611047089099884,BERTScore-deberta-xlarge-mnli
267,0.6173683404922485,0.6525075435638428,0.6344517469406128,BERTScore-deberta-xlarge-mnli
268,0.6463160514831543,0.6914458274841309,0.6681196689605713,BERTScore-deberta-xlarge-mnli
269,0.6627861857414246,0.6524174809455872,0.6575609445571899,BERTScore-deberta-xlarge-mnli
270,0.5848421454429626,0.6309869289398193,0.6070388555526733,BERTScore-deberta-xlarge-mnli
271,0.6547888517379761,0.7574113011360168,0.70237135887146,BERTScore-deberta-xlarge-mnli
272,0.6368914842605591,0.6384658813476562,0.6376777291297913,BERTScore-deberta-xlarge-mnli
273,0.6143046021461487,0.641611635684967,0.6276612281799316,BERTScore-deberta-xlarge-mnli
274,0.5865687131881714,0.6609303951263428,0.6215332746505737,BERTScore-deberta-xlarge-mnli
275,0.6881332397460938,0.729912281036377,0.7084072828292847,BERTScore-deberta-xlarge-mnli
276,0.5719468593597412,0.6350768804550171,0.6018609404563904,BERTScore-deberta-xlarge-mnli
277,0.6432476043701172,0.7166885137557983,0.6779850125312805,BERTScore-deberta-xlarge-mnli
278,0.6895920038223267,0.7108333110809326,0.7000515460968018,BERTScore-deberta-xlarge-mnli
279,0.7061630487442017,0.7248604893684387,0.7153895497322083,BERTScore-deberta-xlarge-mnli
280,0.6124311685562134,0.6323404908180237,0.6222265958786011,BERTScore-deberta-xlarge-mnli
281,0.6041169762611389,0.6245333552360535,0.6141555309295654,BERTScore-deberta-xlarge-mnli
282,0.6061815023422241,0.673790693283081,0.6382005214691162,BERTScore-deberta-xlarge-mnli
283,0.6121940612792969,0.6425631046295166,0.6270110607147217,BERTScore-deberta-xlarge-mnli
284,0.6197929978370667,0.7035790085792542,0.6590336561203003,BERTScore-deberta-xlarge-mnli
285,0.6914501786231995,0.6717170476913452,0.6814407706260681,BERTScore-deberta-xlarge-mnli
286,0.6273307800292969,0.6075260639190674,0.6172695755958557,BERTScore-deberta-xlarge-mnli
287,0.5182199478149414,0.5115272998809814,0.5148518681526184,BERTScore-deberta-xlarge-mnli
288,0.5821317434310913,0.6627324819564819,0.6198228001594543,BERTScore-deberta-xlarge-mnli
289,0.6126216053962708,0.6324503421783447,0.6223781108856201,BERTScore-deberta-xlarge-mnli
290,0.5980366468429565,0.6395869255065918,0.6181142926216125,BERTScore-deberta-xlarge-mnli
291,0.5919207334518433,0.6373218297958374,0.6137828230857849,BERTScore-deberta-xlarge-mnli
292,0.5790905356407166,0.6622522473335266,0.6178857684135437,BERTScore-deberta-xlarge-mnli
293,0.6075188517570496,0.6134891510009766,0.6104893684387207,BERTScore-deberta-xlarge-mnli
294,0.5896392464637756,0.6147704124450684,0.6019426584243774,BERTScore-deberta-xlarge-mnli
295,0.679821789264679,0.6592232584953308,0.6693640947341919,BERTScore-deberta-xlarge-mnli
296,0.6706711053848267,0.6628929376602173,0.6667593717575073,BERTScore-deberta-xlarge-mnli
297,0.6621028780937195,0.666597843170166,0.6643427610397339,BERTScore-deberta-xlarge-mnli
298,0.6107435822486877,0.6410988569259644,0.6255531907081604,BERTScore-deberta-xlarge-mnli
299,0.6112698912620544,0.6946004629135132,0.6502764821052551,BERTScore-deberta-xlarge-mnli
300,0.6155034303665161,0.5970605611801147,0.6061417460441589,BERTScore-deberta-xlarge-mnli
301,0.6376451849937439,0.6161251664161682,0.6267004609107971,BERTScore-deberta-xlarge-mnli
302,0.5740520358085632,0.6283889412879944,0.5999928116798401,BERTScore-deberta-xlarge-mnli
303,0.6488933563232422,0.670112133026123,0.6593320965766907,BERTScore-deberta-xlarge-mnli
304,0.6084855794906616,0.6281949281692505,0.6181831955909729,BERTScore-deberta-xlarge-mnli
305,0.6037440299987793,0.6148716807365417,0.6092570424079895,BERTScore-deberta-xlarge-mnli
306,0.5465492010116577,0.673237681388855,0.6033143997192383,BERTScore-deberta-xlarge-mnli
307,0.6473826169967651,0.6886576414108276,0.667382538318634,BERTScore-deberta-xlarge-mnli
308,0.5911266207695007,0.6433397531509399,0.6161289811134338,BERTScore-deberta-xlarge-mnli
309,0.4915013909339905,0.5887181162834167,0.5357351303100586,BERTScore-deberta-xlarge-mnli
310,0.6000182628631592,0.6343861222267151,0.6167237758636475,BERTScore-deberta-xlarge-mnli
311,0.582737922668457,0.5755558609962463,0.5791246294975281,BERTScore-deberta-xlarge-mnli
312,0.5303009748458862,0.6018040180206299,0.5637944340705872,BERTScore-deberta-xlarge-mnli
313,0.7118445634841919,0.6969691514968872,0.7043283581733704,BERTScore-deberta-xlarge-mnli
314,0.535602331161499,0.5970631837844849,0.5646652579307556,BERTScore-deberta-xlarge-mnli
315,0.6174706816673279,0.588701069355011,0.6027427911758423,BERTScore-deberta-xlarge-mnli
316,0.5902568101882935,0.5888689756393433,0.5895620584487915,BERTScore-deberta-xlarge-mnli
317,0.6447184085845947,0.6628944277763367,0.6536800265312195,BERTScore-deberta-xlarge-mnli
318,0.5114846229553223,0.5767490267753601,0.5421597361564636,BERTScore-deberta-xlarge-mnli
319,0.5593458414077759,0.5877993106842041,0.5732197165489197,BERTScore-deberta-xlarge-mnli
320,0.5914973616600037,0.5948777198791504,0.5931826829910278,BERTScore-deberta-xlarge-mnli
321,0.5637682676315308,0.5773427486419678,0.5704747438430786,BERTScore-deberta-xlarge-mnli
322,0.5556344389915466,0.5044106841087341,0.5287849307060242,BERTScore-deberta-xlarge-mnli
323,0.623248815536499,0.722836971282959,0.6693589687347412,BERTScore-deberta-xlarge-mnli
324,0.6835671663284302,0.6210235357284546,0.6507961750030518,BERTScore-deberta-xlarge-mnli
325,0.6444233655929565,0.6880338788032532,0.6655148863792419,BERTScore-deberta-xlarge-mnli
326,0.6112957000732422,0.6399585008621216,0.625298798084259,BERTScore-deberta-xlarge-mnli
327,0.6280393600463867,0.657024085521698,0.6422048211097717,BERTScore-deberta-xlarge-mnli
328,0.695931613445282,0.7448736429214478,0.7195714116096497,BERTScore-deberta-xlarge-mnli
329,0.511016845703125,0.6215986609458923,0.5609094500541687,BERTScore-deberta-xlarge-mnli
331,0.6066344380378723,0.6488537788391113,0.6270342469215393,BERTScore-deberta-xlarge-mnli
332,0.665075421333313,0.6906870007514954,0.6776393055915833,BERTScore-deberta-xlarge-mnli
333,0.5966285467147827,0.6206191182136536,0.6083873510360718,BERTScore-deberta-xlarge-mnli
334,0.6503353118896484,0.6408238410949707,0.6455445289611816,BERTScore-deberta-xlarge-mnli
335,0.5778946876525879,0.620025634765625,0.5982192754745483,BERTScore-deberta-xlarge-mnli
336,0.6029307246208191,0.6788197159767151,0.6386286020278931,BERTScore-deberta-xlarge-mnli
337,0.6649091839790344,0.7314338684082031,0.6965868473052979,BERTScore-deberta-xlarge-mnli
338,0.6312088370323181,0.6427445411682129,0.6369244456291199,BERTScore-deberta-xlarge-mnli
339,0.5681884288787842,0.6040915250778198,0.5855901837348938,BERTScore-deberta-xlarge-mnli
340,0.548194944858551,0.5770630836486816,0.5622587203979492,BERTScore-deberta-xlarge-mnli
341,0.5786480903625488,0.6938648223876953,0.6310404539108276,BERTScore-deberta-xlarge-mnli
342,0.5576282739639282,0.5758140087127686,0.5665752291679382,BERTScore-deberta-xlarge-mnli
343,0.6378024816513062,0.6617735028266907,0.6495668888092041,BERTScore-deberta-xlarge-mnli
344,0.5810093283653259,0.6347839832305908,0.6067073941230774,BERTScore-deberta-xlarge-mnli
345,0.5608981847763062,0.6137205362319946,0.586121678352356,BERTScore-deberta-xlarge-mnli
346,0.5146899223327637,0.6549254059791565,0.5764006972312927,BERTScore-deberta-xlarge-mnli
347,0.6534959077835083,0.6430553197860718,0.6482335925102234,BERTScore-deberta-xlarge-mnli
348,0.5637072324752808,0.6501904726028442,0.6038681268692017,BERTScore-deberta-xlarge-mnli
349,0.5373454093933105,0.5694524049758911,0.5529332160949707,BERTScore-deberta-xlarge-mnli
350,0.5455126166343689,0.6039777398109436,0.5732583999633789,BERTScore-deberta-xlarge-mnli
351,0.5824865102767944,0.6419676542282104,0.6107823252677917,BERTScore-deberta-xlarge-mnli
352,0.6869502067565918,0.678341269493103,0.6826185584068298,BERTScore-deberta-xlarge-mnli
353,0.5454792380332947,0.6073412895202637,0.5747504234313965,BERTScore-deberta-xlarge-mnli
354,0.6243722438812256,0.6099098920822144,0.6170563101768494,BERTScore-deberta-xlarge-mnli
355,0.5725761651992798,0.6499555110931396,0.6088169813156128,BERTScore-deberta-xlarge-mnli
356,0.6276427507400513,0.654685378074646,0.6408789157867432,BERTScore-deberta-xlarge-mnli
357,0.6057324409484863,0.6184353828430176,0.6120179891586304,BERTScore-deberta-xlarge-mnli
358,0.5891777873039246,0.6162793636322021,0.602423906326294,BERTScore-deberta-xlarge-mnli
359,0.6063452363014221,0.6324218511581421,0.619109034538269,BERTScore-deberta-xlarge-mnli
360,0.683978259563446,0.7119795083999634,0.6976980566978455,BERTScore-deberta-xlarge-mnli
361,0.5797296762466431,0.5673003196716309,0.5734476447105408,BERTScore-deberta-xlarge-mnli
362,0.5095796585083008,0.5463271737098694,0.5273140072822571,BERTScore-deberta-xlarge-mnli
363,0.6380331516265869,0.6479932069778442,0.6429746150970459,BERTScore-deberta-xlarge-mnli
364,0.6537861824035645,0.6841913461685181,0.6686432957649231,BERTScore-deberta-xlarge-mnli
365,0.5878163576126099,0.6449066400527954,0.6150395274162292,BERTScore-deberta-xlarge-mnli
366,0.6043771505355835,0.6734631061553955,0.637052595615387,BERTScore-deberta-xlarge-mnli
367,0.5627637505531311,0.6315881609916687,0.5951929688453674,BERTScore-deberta-xlarge-mnli
368,0.5801927447319031,0.6263722777366638,0.6023987531661987,BERTScore-deberta-xlarge-mnli
369,0.5597890615463257,0.6003109216690063,0.5793423056602478,BERTScore-deberta-xlarge-mnli
370,0.6347880363464355,0.6516939997673035,0.6431298851966858,BERTScore-deberta-xlarge-mnli
371,0.6374013423919678,0.6656375527381897,0.651213526725769,BERTScore-deberta-xlarge-mnli
372,0.6005450487136841,0.630772054195404,0.6152876019477844,BERTScore-deberta-xlarge-mnli
373,0.6526541709899902,0.6824742555618286,0.6672312021255493,BERTScore-deberta-xlarge-mnli
374,0.5124891996383667,0.5567641258239746,0.5337100028991699,BERTScore-deberta-xlarge-mnli
375,0.5824497938156128,0.685633659362793,0.6298437118530273,BERTScore-deberta-xlarge-mnli
376,0.5222667455673218,0.585399329662323,0.5520339012145996,BERTScore-deberta-xlarge-mnli
377,0.6110460758209229,0.6245766282081604,0.6177372932434082,BERTScore-deberta-xlarge-mnli
378,0.5913952589035034,0.6006163358688354,0.5959701538085938,BERTScore-deberta-xlarge-mnli
379,0.6119807958602905,0.6451091170310974,0.6281085014343262,BERTScore-deberta-xlarge-mnli
380,0.5909799933433533,0.6436218619346619,0.6161786317825317,BERTScore-deberta-xlarge-mnli
381,0.5472473502159119,0.6143819093704224,0.5788746476173401,BERTScore-deberta-xlarge-mnli
382,0.6329609751701355,0.6605470776557922,0.6464598774909973,BERTScore-deberta-xlarge-mnli
383,0.6411274671554565,0.6740574240684509,0.6571802496910095,BERTScore-deberta-xlarge-mnli
384,0.6421462297439575,0.6568658351898193,0.6494226455688477,BERTScore-deberta-xlarge-mnli
385,0.6505104303359985,0.7021453976631165,0.675342321395874,BERTScore-deberta-xlarge-mnli
386,0.6001782417297363,0.6225875020027161,0.6111775636672974,BERTScore-deberta-xlarge-mnli
387,0.591364860534668,0.6409267783164978,0.6151491403579712,BERTScore-deberta-xlarge-mnli
388,0.6239620447158813,0.5938842296600342,0.6085516810417175,BERTScore-deberta-xlarge-mnli
389,0.550163745880127,0.5827242732048035,0.565976083278656,BERTScore-deberta-xlarge-mnli
390,0.5777188539505005,0.5996254682540894,0.5884683132171631,BERTScore-deberta-xlarge-mnli
391,0.5852294564247131,0.632506787776947,0.6079503297805786,BERTScore-deberta-xlarge-mnli
392,0.5792065858840942,0.6852051615715027,0.6277628540992737,BERTScore-deberta-xlarge-mnli
393,0.5852246284484863,0.6235986948013306,0.6038025617599487,BERTScore-deberta-xlarge-mnli
394,0.6301964521408081,0.6693670153617859,0.6491914391517639,BERTScore-deberta-xlarge-mnli
395,0.5907891988754272,0.6101057529449463,0.6002921462059021,BERTScore-deberta-xlarge-mnli
396,0.6395905613899231,0.6824583411216736,0.6603294610977173,BERTScore-deberta-xlarge-mnli
397,0.588003396987915,0.5824783444404602,0.585227906703949,BERTScore-deberta-xlarge-mnli
398,0.5645344853401184,0.585173487663269,0.5746687054634094,BERTScore-deberta-xlarge-mnli
399,0.6416010856628418,0.6409159898757935,0.6412583589553833,BERTScore-deberta-xlarge-mnli
400,0.5421870946884155,0.5891504287719727,0.5646939873695374,BERTScore-deberta-xlarge-mnli
401,0.6749122738838196,0.6466128826141357,0.660459578037262,BERTScore-deberta-xlarge-mnli
402,0.5222349166870117,0.5459610223770142,0.5338345170021057,BERTScore-deberta-xlarge-mnli
403,0.594590425491333,0.6625979542732239,0.6267547607421875,BERTScore-deberta-xlarge-mnli
404,0.6491944789886475,0.6860611438751221,0.6671188473701477,BERTScore-deberta-xlarge-mnli
405,0.5691841840744019,0.6845811009407043,0.6215720176696777,BERTScore-deberta-xlarge-mnli
406,0.5685029625892639,0.6864392757415771,0.6219294667243958,BERTScore-deberta-xlarge-mnli
407,0.583073079586029,0.6436407566070557,0.6118616461753845,BERTScore-deberta-xlarge-mnli
408,0.6756958365440369,0.669197142124176,0.6724307537078857,BERTScore-deberta-xlarge-mnli
409,0.5728369951248169,0.6022510528564453,0.5871759057044983,BERTScore-deberta-xlarge-mnli
410,0.6848229169845581,0.6666977405548096,0.6756387948989868,BERTScore-deberta-xlarge-mnli
411,0.6066214442253113,0.6542628407478333,0.6295421123504639,BERTScore-deberta-xlarge-mnli
412,0.6426655650138855,0.7326184511184692,0.6847002506256104,BERTScore-deberta-xlarge-mnli
413,0.6017203330993652,0.6237133741378784,0.6125195026397705,BERTScore-deberta-xlarge-mnli
414,0.521016538143158,0.5375522375106812,0.5291552543640137,BERTScore-deberta-xlarge-mnli
415,0.5599039793014526,0.651813268661499,0.602372944355011,BERTScore-deberta-xlarge-mnli
416,0.6468349695205688,0.6777174472808838,0.661916196346283,BERTScore-deberta-xlarge-mnli
417,0.5698455572128296,0.6012006998062134,0.5851033926010132,BERTScore-deberta-xlarge-mnli
418,0.6293509602546692,0.7446117401123047,0.6821467876434326,BERTScore-deberta-xlarge-mnli
419,0.5234242677688599,0.5785173177719116,0.5495935678482056,BERTScore-deberta-xlarge-mnli
420,0.5867905616760254,0.6309507489204407,0.6080699563026428,BERTScore-deberta-xlarge-mnli
421,0.6309292912483215,0.7027219533920288,0.6648932695388794,BERTScore-deberta-xlarge-mnli
422,0.623558521270752,0.6465194225311279,0.634831428527832,BERTScore-deberta-xlarge-mnli
423,0.5781669020652771,0.6103165149688721,0.593806803226471,BERTScore-deberta-xlarge-mnli
424,0.6198360919952393,0.5690387487411499,0.593352198600769,BERTScore-deberta-xlarge-mnli
425,0.6470543146133423,0.720018744468689,0.6815893650054932,BERTScore-deberta-xlarge-mnli
426,0.6287755966186523,0.7216306924819946,0.6720107197761536,BERTScore-deberta-xlarge-mnli
427,0.5536344051361084,0.6610076427459717,0.6025751829147339,BERTScore-deberta-xlarge-mnli
428,0.6622263193130493,0.7024450302124023,0.6817430257797241,BERTScore-deberta-xlarge-mnli
429,0.5748703479766846,0.6403167843818665,0.6058312058448792,BERTScore-deberta-xlarge-mnli
430,0.5391236543655396,0.4619194269180298,0.49754440784454346,BERTScore-deberta-xlarge-mnli
431,0.5536448359489441,0.6176525354385376,0.5838997960090637,BERTScore-deberta-xlarge-mnli
432,0.6697190999984741,0.7483848333358765,0.7068700194358826,BERTScore-deberta-xlarge-mnli
433,0.6088769435882568,0.6085109710693359,0.6086938977241516,BERTScore-deberta-xlarge-mnli
434,0.5969976782798767,0.6482536196708679,0.6215707659721375,BERTScore-deberta-xlarge-mnli
435,0.5812458992004395,0.6023606061935425,0.5916149020195007,BERTScore-deberta-xlarge-mnli
436,0.6096423268318176,0.5900478363037109,0.5996851325035095,BERTScore-deberta-xlarge-mnli
437,0.6582440137863159,0.707390308380127,0.6819328665733337,BERTScore-deberta-xlarge-mnli
438,0.6264075636863708,0.696803092956543,0.6597327589988708,BERTScore-deberta-xlarge-mnli
439,0.5852960348129272,0.6144788861274719,0.5995324850082397,BERTScore-deberta-xlarge-mnli
440,0.6120164394378662,0.6242126226425171,0.6180543899536133,BERTScore-deberta-xlarge-mnli
441,0.6379112005233765,0.6355463266372681,0.6367265582084656,BERTScore-deberta-xlarge-mnli
442,0.5581939220428467,0.6439436078071594,0.5980105400085449,BERTScore-deberta-xlarge-mnli
443,0.5781164169311523,0.7394198179244995,0.6488940715789795,BERTScore-deberta-xlarge-mnli
444,0.6447400450706482,0.6804396510124207,0.6621090173721313,BERTScore-deberta-xlarge-mnli
445,0.6161317825317383,0.6827422976493835,0.6477289795875549,BERTScore-deberta-xlarge-mnli
446,0.6046361923217773,0.655354380607605,0.6289744973182678,BERTScore-deberta-xlarge-mnli
447,0.6192623376846313,0.6387960910797119,0.6288775205612183,BERTScore-deberta-xlarge-mnli
448,0.6307035088539124,0.6353757381439209,0.6330310106277466,BERTScore-deberta-xlarge-mnli
449,0.6320493221282959,0.610680341720581,0.6211811304092407,BERTScore-deberta-xlarge-mnli
450,0.5752147436141968,0.5984585285186768,0.5866064429283142,BERTScore-deberta-xlarge-mnli
451,0.5846396088600159,0.6361769437789917,0.6093204021453857,BERTScore-deberta-xlarge-mnli
452,0.6298936009407043,0.6338231563568115,0.6318522691726685,BERTScore-deberta-xlarge-mnli
453,0.5995133519172668,0.6540325284004211,0.6255873441696167,BERTScore-deberta-xlarge-mnli
454,0.6088653802871704,0.6419069766998291,0.6249497532844543,BERTScore-deberta-xlarge-mnli
455,0.5791915655136108,0.5599687099456787,0.5694179534912109,BERTScore-deberta-xlarge-mnli
456,0.6067109107971191,0.6061564683914185,0.6064335703849792,BERTScore-deberta-xlarge-mnli
457,0.5707978010177612,0.639085054397583,0.603014349937439,BERTScore-deberta-xlarge-mnli
458,0.6514865159988403,0.7029823064804077,0.6762555241584778,BERTScore-deberta-xlarge-mnli
459,0.6189461946487427,0.6407946348190308,0.6296809911727905,BERTScore-deberta-xlarge-mnli
460,0.6177421808242798,0.6564511060714722,0.6365087032318115,BERTScore-deberta-xlarge-mnli
461,0.6232614517211914,0.6826651096343994,0.6516122221946716,BERTScore-deberta-xlarge-mnli
462,0.6290315985679626,0.7131865620613098,0.6684709191322327,BERTScore-deberta-xlarge-mnli
463,0.5124327540397644,0.632792055606842,0.5662876963615417,BERTScore-deberta-xlarge-mnli
464,0.5522673726081848,0.6175045967102051,0.5830669403076172,BERTScore-deberta-xlarge-mnli
465,0.565899133682251,0.5849899053573608,0.5752861499786377,BERTScore-deberta-xlarge-mnli
466,0.6033728718757629,0.6903501152992249,0.6439377665519714,BERTScore-deberta-xlarge-mnli
467,0.5954239964485168,0.618133544921875,0.606566309928894,BERTScore-deberta-xlarge-mnli
468,0.5482993721961975,0.5856021642684937,0.5663371682167053,BERTScore-deberta-xlarge-mnli
469,0.5773854851722717,0.6134651899337769,0.5948787927627563,BERTScore-deberta-xlarge-mnli
470,0.6340844631195068,0.7178618907928467,0.6733774542808533,BERTScore-deberta-xlarge-mnli
471,0.5598304271697998,0.5984824895858765,0.5785115361213684,BERTScore-deberta-xlarge-mnli
472,0.6373004913330078,0.6234048008918762,0.630276083946228,BERTScore-deberta-xlarge-mnli
473,0.596478283405304,0.6470516920089722,0.6207365989685059,BERTScore-deberta-xlarge-mnli
474,0.5962199568748474,0.6569474935531616,0.6251123547554016,BERTScore-deberta-xlarge-mnli
475,0.6112446784973145,0.6386055946350098,0.6246256232261658,BERTScore-deberta-xlarge-mnli
476,0.5351073741912842,0.5418050289154053,0.5384353995323181,BERTScore-deberta-xlarge-mnli
477,0.6454052925109863,0.7130357623100281,0.6775370240211487,BERTScore-deberta-xlarge-mnli
478,0.6177746653556824,0.6353322267532349,0.6264304518699646,BERTScore-deberta-xlarge-mnli
479,0.5890179872512817,0.6671814918518066,0.6256679892539978,BERTScore-deberta-xlarge-mnli
480,0.565894365310669,0.6716668605804443,0.6142604947090149,BERTScore-deberta-xlarge-mnli
481,0.5709733963012695,0.6697320938110352,0.616422176361084,BERTScore-deberta-xlarge-mnli
482,0.5491237640380859,0.600386917591095,0.5736123323440552,BERTScore-deberta-xlarge-mnli
483,0.6050405502319336,0.6910030841827393,0.6451709866523743,BERTScore-deberta-xlarge-mnli
484,0.6011313796043396,0.6546874046325684,0.6267673969268799,BERTScore-deberta-xlarge-mnli
485,0.5420017242431641,0.602149486541748,0.5704946517944336,BERTScore-deberta-xlarge-mnli
486,0.6073229312896729,0.6637181043624878,0.6342694163322449,BERTScore-deberta-xlarge-mnli
487,0.5371648073196411,0.5359135270118713,0.5365384221076965,BERTScore-deberta-xlarge-mnli
488,0.5446945428848267,0.6508992910385132,0.5930798649787903,BERTScore-deberta-xlarge-mnli
489,0.608108401298523,0.6123315095901489,0.6102126240730286,BERTScore-deberta-xlarge-mnli
490,0.6400047540664673,0.6681597828865051,0.6537792682647705,BERTScore-deberta-xlarge-mnli
491,0.5576390624046326,0.6011389493942261,0.5785725116729736,BERTScore-deberta-xlarge-mnli
492,0.5715039968490601,0.6856788396835327,0.6234068870544434,BERTScore-deberta-xlarge-mnli
493,0.5984963178634644,0.5983091592788696,0.598402738571167,BERTScore-deberta-xlarge-mnli
494,0.522428035736084,0.5619394183158875,0.5414638519287109,BERTScore-deberta-xlarge-mnli
495,0.5601234436035156,0.7026760578155518,0.6233536005020142,BERTScore-deberta-xlarge-mnli
496,0.5943866968154907,0.6391901969909668,0.6159747838973999,BERTScore-deberta-xlarge-mnli
497,0.5476809740066528,0.6381354928016663,0.5894582271575928,BERTScore-deberta-xlarge-mnli
498,0.6335693597793579,0.6718250513076782,0.6521366238594055,BERTScore-deberta-xlarge-mnli
499,0.5408480167388916,0.5875722765922546,0.5632427334785461,BERTScore-deberta-xlarge-mnli
