id,rouge1,rouge2,rougel,bertscore
0,0.4280350438047559,0.15809284818067756,0.21777221526908636,0.23861506581306458
1,0.4890282131661442,0.1509433962264151,0.18495297805642633,0.2574104368686676
2,0.4112903225806452,0.12129380053908356,0.15591397849462368,0.1544339954853058
3,0.4584382871536524,0.11616161616161616,0.14861460957178843,0.22117626667022705
4,0.4520123839009288,0.16149068322981366,0.21671826625386997,0.3126993179321289
5,0.36982968369829683,0.1271393643031785,0.22384428223844283,0.27427542209625244
6,0.327683615819209,0.05671077504725898,0.13935969868173256,0.10666286200284958
7,0.3656509695290858,0.10277777777777777,0.16066481994459833,0.21649779379367828
8,0.33431085043988273,0.06470588235294117,0.14956011730205276,0.18943412601947784
9,0.42986425339366513,0.10909090909090909,0.17194570135746606,0.21088871359825134
10,0.31448763250883394,0.09574468085106383,0.1696113074204947,0.1860164850950241
11,0.41450777202072536,0.0901213171577123,0.17271157167530224,0.16091063618659973
12,0.3974842767295597,0.13619167717528374,0.15849056603773584,0.15778784453868866
13,0.3767313019390581,0.06685236768802229,0.14958448753462605,0.11828192323446274
14,0.36789297658862874,0.12751677852348994,0.1705685618729097,0.212212473154068
15,0.49433962264150944,0.1287878787878788,0.19245283018867926,0.3115398585796356
16,0.5212355212355213,0.18992248062015504,0.22007722007722008,0.22814561426639557
17,0.39089184060721066,0.08761904761904762,0.16698292220113853,0.2012208253145218
18,0.3735294117647059,0.10619469026548674,0.2,0.21743613481521606
19,0.35182679296346414,0.10040705563093623,0.14073071718538566,0.18282204866409302
20,0.3519163763066202,0.08041958041958042,0.14285714285714288,0.16219457983970642
21,0.2673611111111111,0.013937282229965159,0.11805555555555558,-0.08924335986375809
22,0.37437185929648237,0.10327455919395465,0.1457286432160804,0.138213649392128
23,0.4791386271870795,0.13225371120107962,0.18034993270524896,0.25516197085380554
24,0.36193029490616624,0.06989247311827956,0.15281501340482576,0.14423935115337372
25,0.4521531100478469,0.11510791366906475,0.1722488038277512,0.11832518130540848
26,0.40152477763659467,0.089171974522293,0.1473951715374841,0.1688157618045807
27,0.36283185840707965,0.12,0.18141592920353983,0.18974371254444122
28,0.42972536348949925,0.13614262560777957,0.15508885298869146,0.17979106307029724
29,0.15853658536585366,0.006116207951070336,0.09146341463414634,-0.05719427019357681
30,0.41245136186770426,0.14062499999999997,0.22957198443579765,0.26929977536201477
31,0.3615160349854228,0.08187134502923978,0.1690962099125364,0.10679595917463303
32,0.28273809523809523,0.08059701492537313,0.1220238095238095,0.0786796435713768
33,0.35564853556485354,0.09243697478991596,0.18410041841004185,0.2525193393230438
34,0.21789883268482493,0.03515625,0.12451361867704282,0.004308664705604315
35,0.38047138047138046,0.16216216216216217,0.20875420875420878,0.27095216512680054
36,0.4460431654676259,0.1493975903614458,0.22541966426858512,0.3208528161048889
37,0.3483870967741936,0.045307443365695796,0.16774193548387098,0.18135829269886017
38,0.44919786096256686,0.08228980322003578,0.17825311942959,0.248777374625206
39,0.3304042179261863,0.0599647266313933,0.1546572934973638,0.18307805061340332
40,0.4378881987577639,0.11838006230529595,0.17701863354037267,0.20177707076072693
41,0.41099855282199704,0.11901306240928883,0.17076700434153402,0.1569535881280899
42,0.42772277227722777,0.09145129224652086,0.17425742574257427,0.21139556169509888
43,0.461734693877551,0.11764705882352941,0.18877551020408165,0.16814593970775604
44,0.4210526315789474,0.08858603066439522,0.18336162988115448,0.23890142142772675
45,0.415748031496063,0.16113744075829384,0.19212598425196853,0.31427356600761414
46,0.4576271186440678,0.10638297872340427,0.1906779661016949,0.19932040572166443
48,0.4166666666666666,0.10756972111553784,0.19047619047619047,0.23055005073547363
49,0.3733333333333333,0.1137123745819398,0.18333333333333335,0.2514743208885193
50,0.3521739130434782,0.10917030567685589,0.1782608695652174,0.2286105453968048
51,0.4592274678111588,0.1982758620689655,0.26609442060085836,0.3461770713329315
52,0.4101796407185629,0.13213213213213212,0.19161676646706585,0.25640252232551575
53,0.282051282051282,0.07717041800643086,0.15705128205128205,0.16297058761119843
54,0.47058823529411764,0.18086500655307994,0.1830065359477124,0.31149131059646606
55,0.41081081081081083,0.10488245931283904,0.16216216216216214,0.232516348361969
56,0.33186490455212925,0.08541973490427099,0.15565345080763582,0.17631517350673676
57,0.232183908045977,0.0576036866359447,0.11954022988505747,0.025407085195183754
58,0.4033898305084746,0.08503401360544217,0.1864406779661017,0.20876473188400269
59,0.3967479674796748,0.13376835236541598,0.1983739837398374,0.19193369150161743
60,0.3466666666666666,0.12040133779264214,0.18333333333333332,0.22276365756988525
61,0.35207823960880197,0.1375921375921376,0.19559902200488996,0.26061779260635376
62,0.3783783783783784,0.14092140921409216,0.17027027027027028,0.16515576839447021
63,0.3576470588235294,0.0425531914893617,0.16941176470588237,0.23554068803787231
64,0.42953020134228187,0.15730337078651685,0.21029082774049218,0.35824766755104065
65,0.42758620689655175,0.15704387990762123,0.2298850574712644,0.19070135056972504
66,0.5195312500000001,0.23137254901960785,0.19140625,0.36479854583740234
67,0.36435643564356435,0.13518886679920478,0.17425742574257425,0.17805778980255127
68,0.2072829131652661,0.022535211267605635,0.11204481792717087,0.018899722024798393
69,0.30414746543778803,0.09930715935334873,0.11981566820276497,0.08122799545526505
70,0.4027072758037225,0.10186757215619695,0.1895093062605753,0.21777239441871643
71,0.3847780126849895,0.08492569002123142,0.19450317124735733,0.20751680433750153
72,0.4703703703703704,0.15985130111524165,0.19999999999999998,0.3037618398666382
73,0.36971830985915494,0.09187279151943462,0.1654929577464789,0.21071407198905945
74,0.29941860465116277,0.08454810495626823,0.14825581395348836,0.16287828981876373
75,0.41258741258741266,0.11228070175438597,0.2027972027972028,0.21966557204723358
76,0.4428822495606327,0.09876543209876543,0.18629173989455186,0.23649157583713531
77,0.42324888226527574,0.12257100149476831,0.20566318926974664,0.1950554996728897
78,0.4067796610169492,0.10705596107055962,0.21791767554479421,0.27136069536209106
79,0.39424460431654673,0.09523809523809525,0.18992805755395684,0.2146599292755127
80,0.3666666666666667,0.11297071129707112,0.2,0.23126865923404694
81,0.4383561643835616,0.07633587786259542,0.1704718417047184,0.20193758606910706
82,0.421978021978022,0.09271523178807946,0.1978021978021978,0.25816160440444946
83,0.3527397260273973,0.058419243986254296,0.15410958904109587,0.16512565314769745
84,0.41558441558441556,0.14152700186219738,0.23005565862708718,0.2846817970275879
85,0.4080808080808081,0.13387423935091278,0.2262626262626263,0.27462321519851685
86,0.39911308203991136,0.06681514476614699,0.15521064301552107,0.2221025675535202
87,0.3898809523809524,0.11641791044776119,0.19642857142857142,0.13878636062145233
88,0.4004524886877828,0.07709750566893425,0.15384615384615385,0.19084502756595612
89,0.3821656050955414,0.12179487179487179,0.1656050955414013,0.2817014753818512
90,0.44834307992202727,0.14481409001956944,0.22222222222222224,0.29753369092941284
91,0.29015544041450775,0.07625649913344888,0.15889464594127806,0.1597071886062622
92,0.41843971631205673,0.1708185053380783,0.22695035460992907,0.25812241435050964
93,0.29453681710213775,0.07637231503579953,0.14726840855106887,0.13935084640979767
94,0.38341968911917096,0.0883116883116883,0.17098445595854922,0.04081568121910095
95,0.4088397790055249,0.11090573012939,0.13259668508287292,0.26785027980804443
96,0.4153439153439153,0.10079575596816977,0.18253968253968253,0.2415960282087326
97,0.42857142857142855,0.12537313432835823,0.17857142857142855,0.2577460706233978
98,0.4503703703703703,0.10401188707280833,0.1837037037037037,0.21015314757823944
99,0.41991924629878863,0.09176788124156544,0.16689098250336476,0.22310975193977356
100,0.3392330383480826,0.11834319526627218,0.1622418879056047,0.22175513207912445
101,0.3735144312393888,0.061328790459965934,0.14261460101867574,0.1785881072282791
102,0.42769230769230776,0.14506172839506173,0.21846153846153848,0.2516944408416748
103,0.4145985401459854,0.0732064421669107,0.14306569343065695,0.2009221762418747
104,0.2879377431906615,0.0390625,0.1206225680933852,0.18082638084888458
105,0.4588045234248788,0.21393841166936792,0.2455573505654281,0.338026762008667
106,0.40163934426229503,0.12757201646090538,0.1844262295081967,0.2395378053188324
107,0.2972972972972973,0.09302325581395347,0.1196911196911197,0.08910263329744339
108,0.5199240986717268,0.15619047619047619,0.23529411764705885,0.2511654794216156
109,0.3905013192612138,0.08994708994708994,0.16358839050131926,0.17714069783687592
110,0.3295880149812734,0.05639097744360902,0.14232209737827714,0.1472216695547104
111,0.31851851851851853,0.05947955390334572,0.15185185185185185,0.14714780449867249
112,0.2735483870967742,0.09573091849935317,0.1470967741935484,0.12970004975795746
113,0.34888438133874244,0.048879837067209775,0.15415821501014199,0.08552732318639755
114,0.5060240963855421,0.1214574898785425,0.22489959839357426,0.3522181510925293
115,0.4733727810650888,0.16666666666666666,0.23076923076923078,0.28535014390945435
116,0.38429172510518933,0.07313642756680731,0.16269284712482468,0.1940666288137436
117,0.4551422319474836,0.14065934065934063,0.2188183807439825,0.29843518137931824
118,0.3270777479892762,0.09164420485175202,0.16085790884718498,0.22289085388183594
119,0.36831683168316837,0.07157057654075547,0.15445544554455445,0.08736579865217209
120,0.4067796610169491,0.08964451313755796,0.18489984591679506,0.13964101672172546
121,0.4035476718403547,0.12472160356347436,0.17294900221729487,0.2826848030090332
122,0.3668261562998405,0.04159999999999999,0.12440191387559808,0.14028292894363403
123,0.19122257053291533,0.06603773584905659,0.11912225705329152,0.07639896869659424
124,0.32958801498127344,0.06390977443609021,0.14981273408239698,0.05527019128203392
125,0.46428571428571425,0.15426997245179067,0.20054945054945056,0.22016847133636475
126,0.33040421792618624,0.08818342151675485,0.140597539543058,0.18549330532550812
127,0.36099585062240663,0.09583333333333333,0.2074688796680498,0.23420894145965576
128,0.4,0.1054172767203514,0.1635036496350365,0.20172680914402008
129,0.5015384615384615,0.16358024691358025,0.22153846153846155,0.2928595244884491
130,0.46840148698884765,0.13059701492537312,0.20074349442379183,0.2621837854385376
131,0.32189973614775724,0.07957559681697614,0.15831134564643798,0.273684024810791
132,0.5056726094003241,0.16910569105691056,0.2722852512155592,0.3362140953540802
133,0.4405797101449276,0.10465116279069768,0.16811594202898553,0.15951301157474518
134,0.35051546391752575,0.08620689655172413,0.1786941580756014,0.1839066445827484
135,0.40048250904704463,0.08948004836759371,0.15440289505428226,0.21391478180885315
136,0.4267425320056899,0.11697574893009983,0.17923186344238975,0.22579918801784515
137,0.5404624277456648,0.20869565217391306,0.2601156069364162,0.3597343862056732
138,0.504823151125402,0.16451612903225804,0.20257234726688103,0.32187214493751526
139,0.34750462107208874,0.10018552875695733,0.17005545286506468,0.1492481827735901
140,0.4172661870503597,0.1299638989169675,0.21582733812949642,0.24463069438934326
141,0.3967213114754099,0.09868421052631578,0.15081967213114753,0.167647585272789
142,0.41791044776119407,0.10500000000000001,0.18905472636815923,0.27999767661094666
143,0.3098201936376211,0.06934812760055478,0.14937759336099585,0.08437008410692215
144,0.38251366120218583,0.08241758241758242,0.180327868852459,0.224872887134552
145,0.45507246376811594,0.12209302325581393,0.1681159420289855,0.2226138412952423
146,0.4572564612326043,0.18762475049900199,0.24652087475149104,0.2569076418876648
147,0.45137614678899085,0.12154696132596685,0.18348623853211007,0.209760844707489
148,0.3309352517985612,0.07932692307692307,0.15587529976019185,0.12048861384391785
149,0.5410628019323672,0.18416801292407106,0.31239935587761675,0.4228712320327759
150,0.4152744630071599,0.08633093525179857,0.19570405727923626,0.27909818291664124
151,0.4046242774566474,0.1436848203939745,0.18265895953757225,0.2220706194639206
152,0.3993174061433447,0.11986301369863014,0.1706484641638225,0.21259409189224243
153,0.3498542274052478,0.08771929824561404,0.16034985422740525,0.22093968093395233
154,0.37911025145067695,0.15145631067961166,0.20889748549323017,0.32217106223106384
155,0.48230668414154654,0.2812089356110381,0.346002621231979,0.28561633825302124
156,0.4370179948586118,0.11597938144329899,0.2005141388174807,0.24480484426021576
157,0.4973730297723293,0.1546572934973638,0.19614711033274954,0.28285279870033264
158,0.4954954954954955,0.14479638009049772,0.2252252252252252,0.31646597385406494
159,0.2943396226415094,0.09090909090909091,0.14339622641509434,0.22612610459327698
160,0.476,0.18875502008032133,0.252,0.243289977312088
161,0.3205574912891986,0.06053550640279395,0.1393728222996516,0.08257192373275757
162,0.46049661399548536,0.17687074829931976,0.2212189616252822,0.2737433612346649
163,0.4360902255639098,0.12368024132730016,0.21654135338345865,0.2810632288455963
164,0.27662957074721783,0.0478468899521531,0.1271860095389507,0.04091019183397293
165,0.3993506493506494,0.07491856677524429,0.14935064935064937,0.23955181241035461
166,0.36890243902439024,0.0764525993883792,0.16158536585365854,0.18960975110530853
167,0.33837689133425036,0.06620689655172414,0.14030261348005502,0.09822902083396912
168,0.43322475570032576,0.11437908496732027,0.1791530944625407,0.287619024515152
169,0.380952380952381,0.09561752988047807,0.19444444444444445,0.25809425115585327
170,0.32232496697490093,0.06887417218543046,0.12945838837516513,0.13958066701889038
171,0.32363636363636367,0.07299270072992702,0.13454545454545455,0.1680198460817337
172,0.37083333333333335,0.1213389121338912,0.1875,0.23878085613250732
173,0.38862559241706157,0.11428571428571428,0.16113744075829384,0.1740891933441162
174,0.4613003095975232,0.20186335403726707,0.21671826625386997,0.2785034477710724
175,0.3868312757201646,0.06052269601100413,0.1646090534979424,0.14222906529903412
176,0.4000000000000001,0.08133971291866028,0.19523809523809524,0.2573545277118683
177,0.4013722126929674,0.10327022375215146,0.15780445969125215,0.24663816392421722
178,0.4842105263157894,0.17758985200845667,0.24842105263157893,0.3326069414615631
179,0.3042596348884381,0.08961303462321793,0.15821501014198783,0.15231972932815552
180,0.3652430044182621,0.10339734121122598,0.1678939617083947,0.1352536976337433
181,0.3388704318936877,0.09666666666666665,0.1727574750830565,0.2103336900472641
182,0.5168067226890756,0.18987341772151903,0.24369747899159663,0.28384989500045776
183,0.45931283905967446,0.14882032667876588,0.21338155515370708,0.2940143048763275
184,0.4370257966616085,0.1308980213089802,0.21851289833080426,0.2631007730960846
185,0.17105263157894737,0.013333333333333332,0.11842105263157895,0.11677933484315872
186,0.35545023696682465,0.1142857142857143,0.15639810426540285,0.22380560636520386
187,0.44301765650080255,0.17713365539452497,0.22471910112359553,0.32710540294647217
188,0.4104046242774567,0.09883720930232559,0.20809248554913293,0.2585247755050659
189,0.4724137931034483,0.10726643598615916,0.20344827586206896,0.2200850248336792
190,0.4030226700251889,0.11645569620253164,0.16624685138539044,0.2545066475868225
191,0.3495798319327731,0.08768971332209106,0.1411764705882353,0.17211270332336426
192,0.4016973125884017,0.06524822695035461,0.14144271570014144,0.17114682495594025
193,0.3584905660377359,0.05405405405405406,0.14016172506738545,0.1959734410047531
194,0.3938223938223938,0.12403100775193797,0.18146718146718147,0.27383100986480713
195,0.400593471810089,0.10119047619047619,0.17804154302670622,0.02572380192577839
196,0.31468531468531463,0.05263157894736842,0.1258741258741259,0.0987534373998642
197,0.4419580419580419,0.123422159887798,0.19580419580419584,0.2695976793766022
198,0.3541666666666667,0.09059233449477352,0.1701388888888889,0.14500920474529266
199,0.28265524625267663,0.06881720430107527,0.14132762312633831,0.14157560467720032
200,0.4139784946236559,0.13477088948787064,0.22043010752688172,0.27772241830825806
201,0.4166666666666667,0.0835509138381201,0.15885416666666669,0.23523835837841034
202,0.4894837476099426,0.17658349328214973,0.23709369024856597,0.2888077199459076
203,0.4562737642585551,0.14559386973180075,0.25095057034220536,0.3564198911190033
204,0.3283582089552239,0.11278195488721807,0.15671641791044777,0.2535153329372406
205,0.32009626955475334,0.06513872135102533,0.1444043321299639,0.049545954912900925
206,0.304862023653088,0.11330698287220026,0.17345597897503287,0.21436263620853424
207,0.4338461538461538,0.12654320987654322,0.1723076923076923,0.19409894943237305
208,0.39365079365079364,0.11146496815286625,0.16507936507936508,0.217231884598732
209,0.44547563805104406,0.14918414918414918,0.2320185614849188,0.3016248345375061
210,0.3803418803418803,0.1072961373390558,0.19658119658119655,0.26082843542099
211,0.39114391143911437,0.09999999999999999,0.18450184501845018,0.2784905433654785
212,0.38139534883720927,0.0964230171073095,0.18294573643410855,0.2408939003944397
213,0.40992167101827676,0.12041884816753924,0.16971279373368148,0.17762960493564606
214,0.3728070175438596,0.09691629955947137,0.16228070175438597,0.17839306592941284
215,0.3870967741935484,0.0817717206132879,0.16638370118845502,0.2571532130241394
216,0.3976945244956772,0.10982658959537571,0.19020172910662825,0.19890107214450836
217,0.27514792899408286,0.0741839762611276,0.14497041420118342,0.10074787586927414
218,0.4322678843226789,0.10381679389312977,0.1917808219178082,0.28471696376800537
219,0.4109195402298851,0.06340057636887608,0.15804597701149428,0.17819814383983612
220,0.40875912408759124,0.10975609756097561,0.15571776155717762,0.1848166137933731
221,0.2909090909090909,0.07302231237322515,0.17373737373737375,0.203210711479187
222,0.3970588235294118,0.13793103448275865,0.18627450980392152,0.26477357745170593
223,0.4649122807017544,0.14076246334310852,0.20175438596491224,0.2529818117618561
224,0.4342105263157895,0.12211221122112212,0.19407894736842105,0.18714496493339539
225,0.3853211009174312,0.2073732718894009,0.25229357798165136,0.2822708487510681
226,0.2448036951501155,0.07888631090487239,0.13856812933025403,0.09314300864934921
227,0.31719532554257096,0.07705192629815745,0.16026711185308848,0.0938410833477974
228,0.4207980652962515,0.11636363636363636,0.17896009673518745,0.11066795885562897
229,0.3978378378378378,0.12134344528710726,0.1924324324324324,0.12935763597488403
230,0.36717062634989195,0.11713665943600868,0.18142548596112312,0.19487802684307098
231,0.3471074380165289,0.10887573964497042,0.16292798110979928,0.15497304499149323
232,0.4563758389261745,0.1717171717171717,0.21812080536912754,0.3193768858909607
233,0.34015748031496057,0.12954186413902055,0.1921259842519685,0.15931488573551178
234,0.4184514003294893,0.13553719008264464,0.17792421746293247,0.29234421253204346
235,0.4429065743944636,0.07638888888888888,0.17993079584775085,0.25902414321899414
236,0.3764705882352941,0.0748031496062992,0.18039215686274512,0.2723011374473572
237,0.4018264840182649,0.07022900763358778,0.1735159817351598,0.18681682646274567
238,0.3399734395750332,0.08788282290279628,0.17795484727755645,0.15271781384944916
239,0.4659270998415214,0.15580286168521465,0.19017432646592708,0.2766014337539673
240,0.45857418111753373,0.19342359767891681,0.2658959537572254,0.33963701128959656
241,0.4470134874759153,0.1276595744680851,0.18882466281310212,0.2822853624820709
242,0.3668430335097002,0.12743362831858407,0.1834215167548501,0.2563003897666931
243,0.4121212121212121,0.12765957446808512,0.20606060606060606,0.193510502576828
244,0.4509090909090909,0.1336573511543135,0.1793939393939394,0.21699394285678864
245,0.35695538057742787,0.08970976253298152,0.15748031496062992,0.21997466683387756
246,0.38948995363214833,0.08372093023255814,0.2009273570324575,0.21476894617080688
247,0.3418803418803419,0.13379073756432247,0.19145299145299144,0.26374733448028564
248,0.46969696969696967,0.1580547112462006,0.2151515151515152,0.23279188573360443
249,0.433392539964476,0.1283422459893048,0.1882770870337478,0.2134343683719635
250,0.47727272727272724,0.1270358306188925,0.16883116883116883,0.2372310757637024
251,0.41530054644808745,0.10237659963436929,0.1967213114754098,0.2253180295228958
252,0.4961479198767334,0.19165378670788252,0.2064714946070878,0.2723897397518158
253,0.36734693877551017,0.08771929824561403,0.16034985422740525,0.1360773742198944
254,0.5581395348837209,0.2701298701298701,0.2945736434108527,0.3387671113014221
255,0.38159675236806495,0.09226594301221168,0.16238159675236807,0.2088214010000229
256,0.36077481840193704,0.0970873786407767,0.15254237288135594,0.12707217037677765
257,0.43967828418230565,0.14016172506738545,0.21447721179624665,0.33273059129714966
258,0.40097799511002447,0.10810810810810811,0.15647921760391198,0.2524806261062622
259,0.37837837837837845,0.0970042796005706,0.17923186344238975,0.19349244236946106
260,0.4464285714285714,0.15522388059701492,0.1875,0.19281218945980072
261,0.4000000000000001,0.11235955056179774,0.1536,0.21354877948760986
262,0.2675814751286449,0.058519793459552494,0.137221269296741,0.09042615443468094
263,0.4153225806451613,0.13360323886639677,0.24193548387096775,0.26104143261909485
264,0.4527629233511587,0.1359570661896243,0.19964349376114082,0.3071903884410858
265,0.5336658354114713,0.22499999999999998,0.2394014962593516,0.249147430062294
266,0.43781094527363185,0.08652246256239601,0.18573797678275292,0.17932502925395966
267,0.45297504798464494,0.11946050096339113,0.20729366602687138,0.24174141883850098
268,0.40271493212669685,0.09545454545454546,0.2081447963800905,0.30914968252182007
269,0.5232273838630807,0.1769041769041769,0.22982885085574573,0.2911514341831207
270,0.3595041322314049,0.06639004149377593,0.13636363636363635,0.19290287792682648
271,0.4666666666666667,0.21787709497206703,0.2388888888888889,0.3863084316253662
272,0.4529750479846449,0.1233140655105973,0.18809980806142035,0.24370722472667694
273,0.5119549929676511,0.11847672778561355,0.17158931082981715,0.23804786801338196
274,0.3460317460317461,0.10191082802547771,0.13968253968253969,0.22767096757888794
275,0.4359673024523161,0.13698630136986303,0.22888283378746593,0.33282017707824707
276,0.3558282208588957,0.057494866529774126,0.1554192229038855,0.17925779521465302
277,0.5075987841945289,0.1951219512195122,0.243161094224924,0.2974362373352051
278,0.5558086560364465,0.2334096109839817,0.26423690205011385,0.38042959570884705
279,0.495049504950495,0.15904572564612326,0.21782178217821782,0.39331772923469543
280,0.428125,0.05642633228840126,0.15312499999999998,0.22066672146320343
281,0.4261682242990655,0.1200750469043152,0.205607476635514,0.20861467719078064
282,0.40263157894736845,0.1424802110817942,0.17105263157894735,0.25223103165626526
283,0.38227848101265827,0.11421319796954316,0.17721518987341772,0.24507229030132294
284,0.41257367387033395,0.19723865877712032,0.19253438113948917,0.29685109853744507
285,0.5779334500875657,0.2179261862917399,0.2591943957968476,0.34595006704330444
286,0.40963855421686746,0.05526770293609672,0.1686746987951807,0.2060500979423523
287,0.1827956989247312,0.0,0.10752688172043011,0.0035941179376095533
288,0.34697855750487333,0.04696673189823875,0.14035087719298245,0.21175651252269745
289,0.44869565217391305,0.11518324607329843,0.2017391304347826,0.216471865773201
290,0.401305057096248,0.11456628477905073,0.17292006525285478,0.21518804132938385
291,0.3712,0.09630818619582665,0.17279999999999998,0.20648013055324554
292,0.3776493256262042,0.11605415860735009,0.18111753371868977,0.19000327587127686
293,0.42882882882882883,0.0976491862567812,0.17657657657657655,0.20043326914310455
294,0.3861852433281005,0.11023622047244093,0.15384615384615383,0.1611824929714203
295,0.5748709122203097,0.1450777202072539,0.22719449225473323,0.29366403818130493
296,0.5063829787234043,0.15384615384615385,0.24255319148936172,0.3041435480117798
297,0.4889589905362776,0.14556962025316456,0.20820189274447948,0.3031318485736847
298,0.4462809917355372,0.11602209944751382,0.1983471074380165,0.25696641206741333
299,0.41853512705530643,0.13193403298350825,0.20926756352765322,0.2783240079879761
300,0.3893249607535321,0.07244094488188976,0.15384615384615385,0.18808086216449738
301,0.47129186602870815,0.12709832134292565,0.17464114832535885,0.23098254203796387
302,0.2778675282714055,0.09400324149108591,0.13570274636510501,0.1799791008234024
303,0.5056497175141244,0.15864022662889518,0.2005649717514124,0.304976224899292
304,0.4221105527638191,0.10756302521008403,0.1842546063651591,0.19235166907310486
305,0.4093686354378818,0.0836734693877551,0.15682281059063138,0.19527745246887207
306,0.29081632653061223,0.0923076923076923,0.15816326530612243,0.20867882668972015
307,0.5027932960893855,0.1904761904761905,0.25139664804469275,0.3184918761253357
308,0.35200000000000004,0.08823529411764706,0.15733333333333335,0.19605357944965363
309,0.31345353675450766,0.1752433936022253,0.1664355062413315,0.04319467395544052
310,0.42388059701492536,0.17065868263473052,0.19999999999999998,0.22333060204982758
311,0.3441295546558705,0.04878048780487805,0.14979757085020243,0.13275031745433807
312,0.24615384615384617,0.07407407407407407,0.14461538461538462,0.11156206578016281
313,0.49577464788732395,0.13031161473087818,0.21408450704225349,0.3244801163673401
314,0.3024390243902439,0.03262642740619902,0.13983739837398373,0.10722672939300537
315,0.35856573705179284,0.10441767068273092,0.1832669322709163,0.19096437096595764
316,0.41086587436332767,0.05792163543441227,0.15619694397283534,0.16311830282211304
317,0.4429065743944637,0.0625,0.15570934256055363,0.257838636636734
318,0.2887029288702929,0.06302521008403361,0.1506276150627615,0.06529068201780319
319,0.3491204330175913,0.08141112618724558,0.14614343707713126,0.1273193210363388
320,0.33907284768211915,0.07436918990703852,0.16953642384105957,0.12958241999149323
321,0.3720930232558139,0.08492569002123142,0.16913319238900637,0.11431652307510376
322,0.29333333333333333,0.07382550335570469,0.16666666666666666,0.03349630907177925
323,0.4101633393829401,0.1493624772313297,0.1960072595281307,0.3178342282772064
324,0.4689655172413793,0.12933025404157047,0.24367816091954023,0.24228070676326752
325,0.49193548387096775,0.27125506072874495,0.25,0.2969277799129486
326,0.4062992125984252,0.07582938388625593,0.16377952755905512,0.2205471396446228
327,0.49253731343283585,0.12874251497005987,0.21194029850746268,0.2621445953845978
328,0.5465465465465466,0.19335347432024166,0.2702702702702703,0.4193848967552185
329,0.31261101243339257,0.09269162210338681,0.13854351687388988,0.11411742120981216
331,0.47375886524822697,0.15362731152204837,0.20141843971631204,0.22405017912387848
332,0.5055762081784386,0.17164179104477614,0.2565055762081784,0.35701656341552734
333,0.3924914675767919,0.0547945205479452,0.15358361774744025,0.17655299603939056
334,0.4291845493562232,0.125,0.22746781115879827,0.25321459770202637
335,0.2647887323943662,0.056657223796033995,0.16901408450704228,0.1984996795654297
336,0.3518518518518518,0.13953488372093023,0.16666666666666669,0.24351181089878082
337,0.4838160136286201,0.1982905982905983,0.252129471890971,0.2899237871170044
338,0.47619047619047616,0.13134328358208958,0.23214285714285715,0.25637733936309814
339,0.36599423631123923,0.0838150289017341,0.15273775216138327,0.14038752019405365
340,0.396551724137931,0.08069164265129683,0.14080459770114942,0.09564576297998428
341,0.3424657534246575,0.13761467889908258,0.1643835616438356,0.23371942341327667
342,0.3346508563899868,0.08718626155878469,0.15019762845849802,0.10630533844232559
343,0.49566724436741766,0.16695652173913045,0.2149046793760832,0.2716277539730072
344,0.41322314049586784,0.13259668508287292,0.18732782369146006,0.20216581225395203
345,0.24574669187145556,0.03415559772296015,0.10964083175803403,0.13886034488677979
346,0.2190082644628099,0.05809128630705394,0.11570247933884299,0.12235560268163681
347,0.47234678624813153,0.13793103448275862,0.23019431988041855,0.27969449758529663
348,0.3433583959899749,0.08542713567839197,0.15789473684210525,0.16820137202739716
349,0.30823529411764705,0.05660377358490566,0.1341176470588235,0.07830184698104858
350,0.3317972350230415,0.10185185185185185,0.11981566820276497,0.12423967570066452
351,0.3914285714285714,0.1346704871060172,0.18285714285714288,0.1912292242050171
352,0.47899159663865554,0.13924050632911394,0.2773109243697479,0.3212076425552368
353,0.3225806451612903,0.08207343412526998,0.15483870967741936,0.12246141582727432
354,0.44833625218914186,0.0773286467486819,0.14711033274956214,0.19409281015396118
355,0.3766478342749529,0.14366729678638943,0.22975517890772132,0.19776177406311035
356,0.4371941272430669,0.12438625204582653,0.20554649265905384,0.23927552998065948
357,0.44415584415584414,0.11197916666666667,0.17402597402597403,0.19203250110149384
358,0.3798319327731092,0.10792580101180438,0.17142857142857143,0.17110872268676758
359,0.39344262295081966,0.08641975308641975,0.1762295081967213,0.20562425255775452
360,0.5153153153153154,0.2061482820976492,0.24504504504504504,0.3559143841266632
361,0.35516372795969764,0.05555555555555555,0.13350125944584382,0.12313823401927948
362,0.2560846560846561,0.04878048780487805,0.12486772486772488,0.026138223707675934
363,0.42913385826771655,0.1225296442687747,0.1653543307086614,0.26081061363220215
364,0.5406360424028268,0.1702127659574468,0.23674911660777384,0.3098418712615967
365,0.3399503722084367,0.1144278606965174,0.15384615384615385,0.2056514024734497
366,0.37060702875399365,0.1185897435897436,0.15654952076677314,0.26283419132232666
367,0.31456953642384106,0.06312292358803988,0.13245033112582782,0.16006508469581604
368,0.25301204819277107,0.06048387096774193,0.14859437751004015,0.1462535858154297
369,0.3333333333333333,0.06048387096774194,0.14859437751004018,0.10645171254873276
370,0.4226804123711341,0.14827586206896554,0.23711340206185566,0.250960111618042
371,0.4476885644768856,0.1466992665036675,0.17518248175182483,0.2554025948047638
372,0.4,0.10441767068273092,0.15199999999999997,0.20441661775112152
373,0.4570135746606335,0.1409090909090909,0.21719457013574658,0.31759113073349
374,0.3347732181425486,0.04978354978354978,0.12742980561555076,0.0366315133869648
375,0.412280701754386,0.1277533039647577,0.2324561403508772,0.23485317826271057
376,0.27682737169517885,0.0436817472698908,0.1244167962674961,0.08360552042722702
377,0.4741935483870968,0.11974110032362459,0.23870967741935487,0.19374315440654755
378,0.3986998916576381,0.09771986970684039,0.16901408450704225,0.16957896947860718
379,0.46,0.12893982808022925,0.18857142857142858,0.21280191838741302
380,0.40202702702702703,0.12203389830508476,0.1858108108108108,0.1984168440103531
381,0.2596599690880989,0.07751937984496124,0.1391035548686244,0.0694986879825592
382,0.4369501466275659,0.1411764705882353,0.21114369501466276,0.26677462458610535
383,0.5276292335115863,0.18962432915921287,0.2388591800356506,0.28910648822784424
384,0.4677871148459384,0.14887640449438203,0.2072829131652661,0.2708797752857208
385,0.5071574642126789,0.18480492813141683,0.2822085889570552,0.3348686993122101
386,0.44278606965174133,0.14463840399002495,0.18407960199004977,0.2000533938407898
387,0.42559109874826145,0.10878661087866108,0.1863699582753825,0.20941463112831116
388,0.42176870748299317,0.08731241473396999,0.16870748299319727,0.19164954125881195
389,0.2754919499105546,0.035906642728904856,0.12164579606440071,0.10418910533189774
390,0.4333821376281113,0.09104258443465493,0.18155197657393848,0.1416519284248352
391,0.4308231173380035,0.14059753954305798,0.21015761821366022,0.188095360994339
392,0.36697247706422015,0.13996316758747698,0.1724770642201835,0.216131791472435
393,0.3513097072419107,0.0927357032457496,0.14175654853620956,0.19975966215133667
394,0.4118993135011441,0.1057471264367816,0.2242562929061785,0.28099194169044495
395,0.398884239888424,0.07832167832167833,0.16736401673640164,0.17577023804187775
396,0.4435146443514645,0.14705882352941174,0.19246861924686193,0.3114734888076782
397,0.46244477172312226,0.12703101920236337,0.18556701030927833,0.1832636296749115
398,0.3432657926102503,0.10752688172043012,0.1501787842669845,0.1314539611339569
399,0.39679358717434865,0.08048289738430583,0.18837675350701402,0.2226729542016983
400,0.322061191626409,0.05169628432956381,0.1320450885668277,0.1028870940208435
401,0.47571189279731996,0.15798319327731095,0.22445561139028478,0.2767115533351898
402,0.28927680798004984,0.07,0.1521197007481297,0.03499631583690643
403,0.3927855711422846,0.11670020120724348,0.17635270541082165,0.23758600652217865
404,0.49251247920133107,0.23706176961602668,0.23294509151414308,0.32507777214050293
405,0.32505643340857787,0.11337868480725623,0.1534988713318284,0.21328085660934448
406,0.318007662835249,0.12692307692307692,0.1417624521072797,0.23891235888004303
407,0.4146341463414634,0.1323529411764706,0.1902439024390244,0.1932694911956787
408,0.5095541401273885,0.17369093231162197,0.2140127388535032,0.3097178637981415
409,0.36574746008708275,0.11353711790393013,0.1683599419448476,0.14016273617744446
410,0.48677248677248675,0.1648936170212766,0.2222222222222222,0.34479910135269165
411,0.37259100642398285,0.09032258064516129,0.14989293361884368,0.24496105313301086
412,0.4807692307692308,0.22038567493112948,0.2747252747252747,0.36648106575012207
413,0.36173393124065767,0.05397301349325337,0.1345291479820628,0.17144472897052765
414,0.2660550458715596,0.03374233128834356,0.12844036697247704,0.027188044041395187
415,0.3523809523809524,0.11483253588516745,0.14761904761904762,0.17319029569625854
416,0.4726027397260274,0.1924398625429553,0.22602739726027396,0.31178420782089233
417,0.37305699481865284,0.10051993067590988,0.17271157167530224,0.15518222749233246
418,0.3869565217391304,0.1703056768558952,0.18695652173913044,0.3434278964996338
419,0.2803234501347709,0.07046070460704607,0.16172506738544476,0.030602727085351944
420,0.4747081712062257,0.10546875,0.19844357976653698,0.18307682871818542
421,0.5075921908893709,0.17429193899782133,0.19522776572668113,0.3122578561306
422,0.4375,0.09178743961352658,0.21634615384615385,0.2631978392601013
423,0.3111111111111111,0.07429420505200596,0.16296296296296295,0.11982113122940063
424,0.4958677685950414,0.13457556935817808,0.21487603305785122,0.17831280827522278
425,0.4381846635367762,0.163265306122449,0.19405320813771518,0.329631507396698
426,0.40573770491803274,0.20164609053497942,0.21311475409836067,0.25703153014183044
427,0.25396825396825395,0.0743362831858407,0.1164021164021164,0.15534912049770355
428,0.4830633284241532,0.23042836041358936,0.235640648011782,0.33434832096099854
429,0.36029411764705876,0.08487084870848709,0.15441176470588236,0.17371951043605804
430,0.12605042016806722,0.0,0.0588235294117647,-0.04900973662734032
431,0.341645885286783,0.115,0.16458852867830423,0.14913536608219147
432,0.464,0.16129032258064518,0.256,0.4151681661605835
433,0.46735395189003437,0.10689655172413794,0.1718213058419244,0.20485304296016693
434,0.4699453551912568,0.14625228519195613,0.21857923497267762,0.21877342462539673
435,0.3972286374133949,0.09280742459396751,0.16166281755196305,0.16724127531051636
436,0.4392156862745098,0.09174311926605505,0.16470588235294117,0.1729803830385208
437,0.5514157973174366,0.23318385650224213,0.26825633383010433,0.3340258300304413
438,0.422680412371134,0.18652849740932642,0.2680412371134021,0.29811760783195496
439,0.37293233082706767,0.1085972850678733,0.16842105263157894,0.18380919098854065
440,0.4264943457189015,0.10696920583468394,0.18739903069466882,0.21983037889003754
441,0.46428571428571425,0.10394265232974911,0.18928571428571425,0.2406553477048874
442,0.2834138486312399,0.08723747980613893,0.12560386473429955,0.15118855237960815
443,0.2986247544204322,0.14990138067061143,0.17288801571709236,0.27313169836997986
444,0.45029239766081874,0.12609970674486803,0.18713450292397663,0.28427696228027344
445,0.4197183098591549,0.17231638418079095,0.2140845070422535,0.2534849941730499
446,0.4627831715210356,0.1753246753246753,0.2103559870550162,0.2559133768081665
447,0.4252199413489736,0.13529411764705881,0.17888563049853373,0.2141396850347519
448,0.44714038128249567,0.0973913043478261,0.18717504332755633,0.2298266589641571
449,0.32558139534883723,0.046783625730994156,0.13953488372093023,0.24761399626731873
450,0.39780521262002744,0.11004126547455295,0.17558299039780523,0.14184291660785675
451,0.4697508896797153,0.2,0.25622775800711745,0.21565309166908264
452,0.47096774193548385,0.13915857605177992,0.2129032258064516,0.2446577399969101
453,0.39732142857142855,0.08968609865470852,0.15625000000000003,0.20785944163799286
454,0.4326647564469914,0.08620689655172413,0.17765042979942694,0.20851069688796997
455,0.40731707317073174,0.06845965770171149,0.15609756097560976,0.10433880239725113
456,0.42160278745644597,0.09440559440559441,0.15331010452961671,0.1871325522661209
457,0.33030852994555354,0.08743169398907104,0.15245009074410162,0.17154943943023682
458,0.4852320675105485,0.1610169491525424,0.22362869198312235,0.3413953483104706
459,0.4234527687296417,0.1405228758169935,0.1758957654723127,0.22468619048595428
460,0.4548919949174079,0.15541401273885352,0.1905972045743329,0.22215136885643005
461,0.3993610223642173,0.09935897435897435,0.17252396166134185,0.2753007709980011
462,0.3754512635379061,0.10507246376811595,0.1768953068592058,0.2922639548778534
463,0.22340425531914895,0.0498220640569395,0.11702127659574468,0.10094058513641357
464,0.28464419475655434,0.04887218045112782,0.1385767790262172,0.1404360681772232
465,0.3994293865905849,0.06866952789699571,0.17689015691868762,0.12742391228675842
466,0.3217821782178218,0.06467661691542288,0.13366336633663367,0.2103663831949234
467,0.46285714285714286,0.10315186246418338,0.18571428571428575,0.17585811018943787
468,0.38407494145199056,0.1267605633802817,0.18501170960187355,0.11730879545211792
469,0.4528301886792453,0.16011644832605532,0.1857764876632801,0.16897712647914886
470,0.46464646464646464,0.1878172588832487,0.20707070707070707,0.2869553565979004
471,0.3054393305439331,0.03781512605042017,0.13389121338912133,0.10859031230211258
472,0.4209039548022599,0.10481586402266288,0.18361581920903955,0.21717043220996857
473,0.3665223665223666,0.07235890014471781,0.15873015873015872,0.22777248919010162
474,0.40506329113924044,0.1440677966101695,0.2109704641350211,0.2369885891675949
475,0.4507512520868114,0.10050251256281408,0.2036727879799666,0.20675727725028992
476,0.2913907284768212,0.05980066445182724,0.1357615894039735,0.04641161113977432
477,0.5108853410740203,0.25327510917030566,0.2525399129172714,0.33162325620651245
478,0.38980509745127434,0.08120300751879699,0.15292353823088456,0.2192087471485138
479,0.3957703927492447,0.11515151515151516,0.19939577039274928,0.22985947132110596
480,0.3142857142857143,0.09426229508196719,0.13877551020408163,0.20006678998470306
481,0.3009174311926605,0.09208103130755063,0.15045871559633026,0.212258443236351
482,0.35352532274081433,0.11542288557213932,0.16087388282025822,0.08026248961687088
483,0.44280442804428044,0.15925925925925927,0.2177121771217712,0.27986371517181396
484,0.3590733590733591,0.10852713178294575,0.16216216216216217,0.24034501612186432
485,0.352317880794702,0.08233731739707836,0.13774834437086092,0.11188799887895584
486,0.41005291005291006,0.16445623342175067,0.18253968253968253,0.25575128197669983
487,0.27906976744186046,0.046753246753246755,0.12403100775193798,0.04522217437624931
488,0.2813102119460501,0.054158607350096706,0.12716763005780346,0.16546423733234406
489,0.40585009140767825,0.10642201834862385,0.19378427787934185,0.20366938412189484
490,0.45491803278688525,0.1934156378600823,0.24180327868852458,0.26821884512901306
491,0.3308550185873606,0.05223880597014925,0.13382899628252787,0.13569626212120056
492,0.41708542713567837,0.14646464646464646,0.22613065326633167,0.22615019977092743
493,0.42696629213483145,0.0857787810383747,0.19775280898876407,0.1210017204284668
494,0.30036630036630035,0.05514705882352942,0.11721611721611722,0.06754051148891449
495,0.28688524590163933,0.10288065843621398,0.15573770491803277,0.22506780922412872
496,0.4275668073136427,0.12976022566995768,0.20253164556962025,0.20016030967235565
497,0.3423137876386688,0.11128775834658187,0.16164817749603802,0.15612487494945526
498,0.4214162348877375,0.10398613518197575,0.2072538860103627,0.2575778365135193
499,0.3162055335968379,0.06746031746031747,0.13043478260869565,0.1044338047504425
