id,rouge1,rouge2,rougel,bertscore_precision,bertscore_recall,bertscore_f1,method
0,0.4483695652173913,0.1880108991825613,0.2173913043478261,0.6213916540145874,0.6598119139671326,0.6400257349014282,BERTScore-deberta-xlarge-mnli
1,0.4687045123726346,0.16934306569343063,0.17758369723435227,0.6122952699661255,0.6511796712875366,0.6311391592025757,BERTScore-deberta-xlarge-mnli
2,0.3848515864892529,0.12923076923076923,0.15148413510747186,0.5471159815788269,0.6291776895523071,0.585284411907196,BERTScore-deberta-xlarge-mnli
3,0.40825688073394495,0.08275862068965517,0.1536697247706422,0.5608073472976685,0.6178669929504395,0.5879560708999634,BERTScore-deberta-xlarge-mnli
4,0.41167883211678835,0.13177159590043924,0.19854014598540146,0.6254125833511353,0.6775890588760376,0.6504561305046082,BERTScore-deberta-xlarge-mnli
5,0.3125,0.12560386473429952,0.1971153846153846,0.5853674411773682,0.6967127323150635,0.6362050771713257,BERTScore-deberta-xlarge-mnli
6,0.32605042016806723,0.06408094435075887,0.13109243697478992,0.5556323528289795,0.584017276763916,0.5694712996482849,BERTScore-deberta-xlarge-mnli
7,0.3804195804195804,0.10939691444600279,0.17342657342657342,0.610971212387085,0.6709158420562744,0.6395419239997864,BERTScore-deberta-xlarge-mnli
8,0.39270687237026647,0.15189873417721517,0.19915848527349228,0.5967466235160828,0.6639471054077148,0.6285557746887207,BERTScore-deberta-xlarge-mnli
9,0.4094827586206896,0.11688311688311687,0.19827586206896552,0.602441668510437,0.6268455982208252,0.6144014000892639,BERTScore-deberta-xlarge-mnli
10,0.3102918586789555,0.11093990755007704,0.16282642089093702,0.5713542699813843,0.6529074907302856,0.6094145774841309,BERTScore-deberta-xlarge-mnli
11,0.38653001464128844,0.0881057268722467,0.14641288433382135,0.5814512372016907,0.5922208428382874,0.5867866277694702,BERTScore-deberta-xlarge-mnli
12,0.4099722991689751,0.13055555555555554,0.1634349030470914,0.5712477564811707,0.6289806365966797,0.5987256169319153,BERTScore-deberta-xlarge-mnli
13,0.33970276008492567,0.06823027718550106,0.1571125265392781,0.5677503347396851,0.5868631601333618,0.5771485567092896,BERTScore-deberta-xlarge-mnli
14,0.3269230769230769,0.067524115755627,0.16666666666666669,0.5790822505950928,0.6339176297187805,0.6052604913711548,BERTScore-deberta-xlarge-mnli
15,0.5016077170418006,0.13225806451612904,0.2057877813504823,0.6708712577819824,0.6810380220413208,0.6759163737297058,BERTScore-deberta-xlarge-mnli
16,0.5231788079470199,0.2292358803986711,0.22185430463576158,0.6281030774116516,0.6494736671447754,0.6386096477508545,BERTScore-deberta-xlarge-mnli
17,0.40860215053763443,0.14028776978417265,0.2186379928315412,0.6029903888702393,0.6299429535865784,0.6161721348762512,BERTScore-deberta-xlarge-mnli
18,0.3687315634218289,0.09171597633136096,0.1799410029498525,0.570184588432312,0.6305488348007202,0.598849356174469,BERTScore-deberta-xlarge-mnli
19,0.33257918552036203,0.12925170068027209,0.1493212669683258,0.5282027721405029,0.6072941422462463,0.5649939775466919,BERTScore-deberta-xlarge-mnli
20,0.3636363636363637,0.07094594594594596,0.13468013468013468,0.5856592655181885,0.5958113670349121,0.5906917452812195,BERTScore-deberta-xlarge-mnli
21,0.2513274336283186,0.021314387211367674,0.10973451327433627,0.48337483406066895,0.4627848267555237,0.472855806350708,BERTScore-deberta-xlarge-mnli
22,0.40745672436751,0.12550066755674233,0.16245006657789612,0.5666446685791016,0.6162256002426147,0.590395987033844,BERTScore-deberta-xlarge-mnli
23,0.41787122207621546,0.1422924901185771,0.17871222076215504,0.5974931716918945,0.6500029563903809,0.6226429343223572,BERTScore-deberta-xlarge-mnli
24,0.3011917659804984,0.07383279044516829,0.14517876489707476,0.5072655081748962,0.5633584260940552,0.5338425636291504,BERTScore-deberta-xlarge-mnli
25,0.40858208955223885,0.13271028037383176,0.18097014925373137,0.5328177213668823,0.5672757029533386,0.5495070815086365,BERTScore-deberta-xlarge-mnli
26,0.3965936739659367,0.0926829268292683,0.14111922141119224,0.5941654443740845,0.6178703308105469,0.6057860851287842,BERTScore-deberta-xlarge-mnli
27,0.4272300469483568,0.16037735849056603,0.20187793427230047,0.5930110812187195,0.663974404335022,0.6264896392822266,BERTScore-deberta-xlarge-mnli
28,0.3875530410183875,0.12765957446808512,0.16973125884016976,0.5729045271873474,0.6059062480926514,0.588943362236023,BERTScore-deberta-xlarge-mnli
29,0.20960698689956334,0.004385964912280702,0.10917030567685589,0.48889774084091187,0.518752932548523,0.5033831000328064,BERTScore-deberta-xlarge-mnli
30,0.42940038684719534,0.19805825242718447,0.24758220502901354,0.6138454675674438,0.7163664698600769,0.6611552834510803,BERTScore-deberta-xlarge-mnli
31,0.3493810178817056,0.0910344827586207,0.17056396148555708,0.5428990721702576,0.5761710405349731,0.5590404868125916,BERTScore-deberta-xlarge-mnli
32,0.25707547169811323,0.09219858156028368,0.11084905660377359,0.45944446325302124,0.5347862243652344,0.4942606985569,BERTScore-deberta-xlarge-mnli
33,0.4291845493562232,0.18103448275862072,0.2360515021459228,0.6129748821258545,0.6868921518325806,0.6478318572044373,BERTScore-deberta-xlarge-mnli
34,0.20264317180616742,0.0471281296023564,0.1145374449339207,0.476809561252594,0.5384494066238403,0.5057582855224609,BERTScore-deberta-xlarge-mnli
35,0.3978102189781022,0.13919413919413923,0.218978102189781,0.614188551902771,0.709294319152832,0.6583243012428284,BERTScore-deberta-xlarge-mnli
36,0.45146726862302483,0.15873015873015872,0.1670428893905192,0.6882967948913574,0.6825997829437256,0.6854364275932312,BERTScore-deberta-xlarge-mnli
37,0.25820568927789933,0.04605263157894737,0.12035010940919036,0.49863672256469727,0.5735187530517578,0.5334627628326416,BERTScore-deberta-xlarge-mnli
38,0.3596004439511654,0.08453837597330366,0.1709211986681465,0.5399937629699707,0.6066470146179199,0.5713831186294556,BERTScore-deberta-xlarge-mnli
39,0.3277591973244147,0.07718120805369127,0.16387959866220736,0.5880066752433777,0.6394394636154175,0.6126455664634705,BERTScore-deberta-xlarge-mnli
40,0.4341736694677871,0.10674157303370788,0.1680672268907563,0.5869985222816467,0.6103522777557373,0.5984476804733276,BERTScore-deberta-xlarge-mnli
41,0.34870641169853767,0.10146561443066518,0.15748031496062995,0.5256514549255371,0.5887682437896729,0.5554225444793701,BERTScore-deberta-xlarge-mnli
42,0.3832528180354267,0.09046849757673667,0.14170692431561996,0.5905563831329346,0.6210345029830933,0.6054121255874634,BERTScore-deberta-xlarge-mnli
43,0.43359818388195226,0.11831626848691698,0.18615209988649262,0.5531204342842102,0.5964001417160034,0.5739455223083496,BERTScore-deberta-xlarge-mnli
44,0.4358523725834798,0.09523809523809523,0.19332161687170474,0.6275663375854492,0.6305595636367798,0.629059374332428,BERTScore-deberta-xlarge-mnli
45,0.3753581661891118,0.14367816091954025,0.1518624641833811,0.5851290822029114,0.7026205658912659,0.6385149955749512,BERTScore-deberta-xlarge-mnli
46,0.4202626641651031,0.09792843691148775,0.1726078799249531,0.5887845158576965,0.6267040967941284,0.6071528196334839,BERTScore-deberta-xlarge-mnli
48,0.4035398230088496,0.10657193605683837,0.19469026548672566,0.6273455023765564,0.6385588049888611,0.6329025030136108,BERTScore-deberta-xlarge-mnli
49,0.3934426229508196,0.10603290676416818,0.1967213114754098,0.6061802506446838,0.6726324558258057,0.6376798152923584,BERTScore-deberta-xlarge-mnli
50,0.3210332103321033,0.1037037037037037,0.14760147601476015,0.5850896835327148,0.6567862033843994,0.618868350982666,BERTScore-deberta-xlarge-mnli
51,0.42500000000000004,0.08786610878661087,0.18333333333333332,0.6241512298583984,0.6792479157447815,0.6505351066589355,BERTScore-deberta-xlarge-mnli
52,0.3928571428571428,0.12121212121212123,0.19230769230769232,0.6060954928398132,0.6610218286514282,0.632368266582489,BERTScore-deberta-xlarge-mnli
53,0.31071428571428567,0.10394265232974909,0.16071428571428567,0.5674952268600464,0.6588811874389648,0.6097832918167114,BERTScore-deberta-xlarge-mnli
54,0.4123957091775924,0.15053763440860216,0.17401668653158525,0.6105889081954956,0.6429798603057861,0.6263659000396729,BERTScore-deberta-xlarge-mnli
55,0.3834355828220859,0.10153846153846154,0.15950920245398773,0.5752587914466858,0.652590811252594,0.6114895343780518,BERTScore-deberta-xlarge-mnli
56,0.32492997198879553,0.07303370786516854,0.13725490196078433,0.547565221786499,0.6370003819465637,0.5889066457748413,BERTScore-deberta-xlarge-mnli
57,0.23694267515923567,0.04086845466155812,0.1248407643312102,0.5287821292877197,0.5815894603729248,0.5539300441741943,BERTScore-deberta-xlarge-mnli
58,0.3138121546961326,0.062015503875968984,0.1414364640883978,0.5412633419036865,0.618431031703949,0.5772797465324402,BERTScore-deberta-xlarge-mnli
59,0.39457831325301207,0.13293051359516617,0.20481927710843376,0.5710700154304504,0.6503761410713196,0.608148455619812,BERTScore-deberta-xlarge-mnli
60,0.31098430813124106,0.12303290414878397,0.17403708987161198,0.5438507795333862,0.6279294490814209,0.5828737020492554,BERTScore-deberta-xlarge-mnli
61,0.43544303797468353,0.18829516539440205,0.23797468354430384,0.6267133355140686,0.7457050085067749,0.681050717830658,BERTScore-deberta-xlarge-mnli
62,0.3633841886269071,0.13351877607788595,0.17753120665742023,0.5665168166160583,0.6330909729003906,0.5979565382003784,BERTScore-deberta-xlarge-mnli
63,0.3841059602649007,0.07095343680709534,0.15894039735099338,0.6514102220535278,0.6362627148628235,0.6437473893165588,BERTScore-deberta-xlarge-mnli
64,0.41350210970464135,0.15677966101694915,0.24472573839662445,0.6479361653327942,0.7366380095481873,0.6894457936286926,BERTScore-deberta-xlarge-mnli
65,0.4572748267898383,0.18561484918793503,0.2586605080831409,0.6128162741661072,0.6236038208007812,0.618162989616394,BERTScore-deberta-xlarge-mnli
66,0.4777327935222672,0.18292682926829268,0.2348178137651822,0.6533777713775635,0.6978050470352173,0.6748610138893127,BERTScore-deberta-xlarge-mnli
67,0.34314980793854033,0.13350449293966624,0.1792573623559539,0.5486716032028198,0.6241512894630432,0.5839825868606567,BERTScore-deberta-xlarge-mnli
68,0.17796610169491525,0.01702127659574468,0.08050847457627118,0.48358166217803955,0.5744553208351135,0.525115966796875,BERTScore-deberta-xlarge-mnli
69,0.24091778202676864,0.07471264367816091,0.12045889101338432,0.43420928716659546,0.5475101470947266,0.484321653842926,BERTScore-deberta-xlarge-mnli
70,0.4074074074074074,0.0929368029739777,0.18888888888888888,0.6059815883636475,0.6738409399986267,0.6381121873855591,BERTScore-deberta-xlarge-mnli
71,0.30952380952380953,0.09018567639257295,0.15608465608465608,0.5615202784538269,0.6152677536010742,0.5871666073799133,BERTScore-deberta-xlarge-mnli
72,0.49535603715170284,0.2080745341614907,0.21362229102167182,0.6470462083816528,0.6808666586875916,0.6635257601737976,BERTScore-deberta-xlarge-mnli
73,0.43243243243243246,0.10843373493975902,0.17117117117117117,0.6249333024024963,0.6389382481575012,0.6318581700325012,BERTScore-deberta-xlarge-mnli
74,0.35406698564593303,0.0992,0.1722488038277512,0.5852853655815125,0.6475721597671509,0.6148553490638733,BERTScore-deberta-xlarge-mnli
75,0.38031914893617014,0.11999999999999998,0.18085106382978722,0.5809110403060913,0.6408306956291199,0.609401524066925,BERTScore-deberta-xlarge-mnli
76,0.4469589816124469,0.11631205673758867,0.19519094766619519,0.6118979454040527,0.6521503925323486,0.6313832998275757,BERTScore-deberta-xlarge-mnli
77,0.3023457862728062,0.12010443864229765,0.16507384882710688,0.45745041966438293,0.5497520565986633,0.49937188625335693,BERTScore-deberta-xlarge-mnli
78,0.41101694915254233,0.1021276595744681,0.20338983050847456,0.6475251317024231,0.6516950726509094,0.6496034264564514,BERTScore-deberta-xlarge-mnli
79,0.4087403598971722,0.1056701030927835,0.16709511568123395,0.5878984928131104,0.66001296043396,0.621872067451477,BERTScore-deberta-xlarge-mnli
80,0.3484320557491289,0.10489510489510488,0.19163763066202089,0.5619505047798157,0.6188107132911682,0.5890114903450012,BERTScore-deberta-xlarge-mnli
81,0.4312169312169312,0.10344827586206896,0.18253968253968253,0.6088433265686035,0.6426429748535156,0.6252866983413696,BERTScore-deberta-xlarge-mnli
82,0.44573643410852715,0.13618677042801558,0.18992248062015502,0.6538134813308716,0.653052568435669,0.6534327864646912,BERTScore-deberta-xlarge-mnli
83,0.3029411764705882,0.0678466076696165,0.1264705882352941,0.5297616720199585,0.601618766784668,0.5634083151817322,BERTScore-deberta-xlarge-mnli
84,0.45683453237410065,0.16606498194945848,0.2194244604316547,0.6319042444229126,0.6629295349121094,0.6470451951026917,BERTScore-deberta-xlarge-mnli
85,0.4032,0.14767255216693417,0.2016,0.6052488088607788,0.6961102485656738,0.6475075483322144,BERTScore-deberta-xlarge-mnli
86,0.33687405159332323,0.076103500761035,0.15781487101669195,0.5512180924415588,0.6248726844787598,0.585739016532898,BERTScore-deberta-xlarge-mnli
87,0.40567375886524826,0.09957325746799431,0.17872340425531913,0.5850833654403687,0.6031920909881592,0.5939997434616089,BERTScore-deberta-xlarge-mnli
88,0.41809954751131223,0.10879419764279238,0.1737556561085973,0.5609428286552429,0.6116650104522705,0.5852068662643433,BERTScore-deberta-xlarge-mnli
89,0.37183098591549296,0.1189801699716714,0.16338028169014085,0.622159481048584,0.6921936869621277,0.6553106904029846,BERTScore-deberta-xlarge-mnli
90,0.4306688417618271,0.1309328968903437,0.18923327895595435,0.6228765249252319,0.6470692753791809,0.6347424387931824,BERTScore-deberta-xlarge-mnli
91,0.30254777070063693,0.11501597444089456,0.1910828025477707,0.5659964084625244,0.6610629558563232,0.6098470091819763,BERTScore-deberta-xlarge-mnli
92,0.40208877284595296,0.12041884816753928,0.17754569190600522,0.5723989009857178,0.6580315232276917,0.612235426902771,BERTScore-deberta-xlarge-mnli
93,0.24137931034482754,0.05384615384615385,0.12643678160919541,0.5458241701126099,0.5860116481781006,0.5652044415473938,BERTScore-deberta-xlarge-mnli
94,0.3607361963190184,0.07626076260762607,0.16441717791411042,0.5163179039955139,0.5554371476173401,0.5351635813713074,BERTScore-deberta-xlarge-mnli
95,0.4763860369609856,0.15257731958762888,0.14373716632443528,0.677915096282959,0.6610621213912964,0.6693825721740723,BERTScore-deberta-xlarge-mnli
96,0.4309252217997465,0.12960609911054638,0.2002534854245881,0.6069265604019165,0.6725444793701172,0.6380528807640076,BERTScore-deberta-xlarge-mnli
97,0.41046831955922863,0.11049723756906077,0.15977961432506887,0.6309865713119507,0.6441769003868103,0.6375135183334351,BERTScore-deberta-xlarge-mnli
98,0.43817204301075263,0.10242587601078168,0.17204301075268819,0.5942010879516602,0.6566820740699768,0.6238811612129211,BERTScore-deberta-xlarge-mnli
99,0.4295874822190611,0.11982881597717544,0.17069701280227595,0.6222751140594482,0.6426780819892883,0.6323120594024658,BERTScore-deberta-xlarge-mnli
100,0.31387808041504545,0.10923276983094926,0.14526588845654995,0.5866514444351196,0.6888682842254639,0.6336641907691956,BERTScore-deberta-xlarge-mnli
101,0.32558139534883723,0.04938271604938271,0.14500683994528044,0.5616956949234009,0.6053137183189392,0.582689642906189,BERTScore-deberta-xlarge-mnli
102,0.3810930576070901,0.11851851851851851,0.19202363367799113,0.6070462465286255,0.6529650688171387,0.6291689872741699,BERTScore-deberta-xlarge-mnli
103,0.37711864406779655,0.059447983014862,0.125,0.5550974607467651,0.5895454287528992,0.571803092956543,BERTScore-deberta-xlarge-mnli
104,0.2902711323763955,0.09600000000000002,0.14354066985645933,0.5668780207633972,0.6684545278549194,0.6134901642799377,BERTScore-deberta-xlarge-mnli
105,0.48859934853420195,0.24509803921568626,0.26384364820846906,0.6426491141319275,0.738815426826477,0.6873851418495178,BERTScore-deberta-xlarge-mnli
106,0.4581673306772908,0.12799999999999997,0.19920318725099603,0.668357789516449,0.6229768395423889,0.6448699235916138,BERTScore-deberta-xlarge-mnli
107,0.2710843373493976,0.09969788519637461,0.11746987951807229,0.5160242319107056,0.609652578830719,0.558944582939148,BERTScore-deberta-xlarge-mnli
108,0.43112244897959184,0.14066496163682865,0.18112244897959184,0.5696148872375488,0.6350523829460144,0.6005563139915466,BERTScore-deberta-xlarge-mnli
109,0.41494845360824745,0.09560723514211888,0.18556701030927833,0.6032929420471191,0.6424554586410522,0.6222586631774902,BERTScore-deberta-xlarge-mnli
110,0.3171171171171171,0.07233273056057866,0.14054054054054052,0.5652111768722534,0.6098824739456177,0.5866976976394653,BERTScore-deberta-xlarge-mnli
111,0.31484794275491945,0.06463195691202873,0.15384615384615385,0.5762047171592712,0.5895711183547974,0.5828113555908203,BERTScore-deberta-xlarge-mnli
112,0.2677685950413223,0.07960199004975124,0.1586776859504132,0.5729975700378418,0.6440396308898926,0.6064451336860657,BERTScore-deberta-xlarge-mnli
113,0.2747747747747748,0.05417607223476298,0.12387387387387386,0.46490949392318726,0.5545783638954163,0.5058005452156067,BERTScore-deberta-xlarge-mnli
114,0.4,0.11307420494699646,0.18245614035087718,0.6241122484207153,0.682714581489563,0.6520994901657104,BERTScore-deberta-xlarge-mnli
115,0.4094488188976378,0.12137203166226913,0.1889763779527559,0.6085500717163086,0.663766622543335,0.6349601745605469,BERTScore-deberta-xlarge-mnli
116,0.37974683544303794,0.08375634517766496,0.14936708860759493,0.5681406259536743,0.5996966361999512,0.5834922790527344,BERTScore-deberta-xlarge-mnli
117,0.4478764478764479,0.16279069767441862,0.21235521235521237,0.6530165076255798,0.6736644506454468,0.663179874420166,BERTScore-deberta-xlarge-mnli
118,0.30656934306569344,0.06356968215158924,0.1508515815085158,0.5901641845703125,0.6679781675338745,0.6266648173332214,BERTScore-deberta-xlarge-mnli
119,0.3298245614035088,0.0704225352112676,0.17192982456140352,0.5430917143821716,0.5777718424797058,0.5598952770233154,BERTScore-deberta-xlarge-mnli
120,0.4117647058823529,0.10187667560321716,0.18181818181818182,0.6027007102966309,0.609247088432312,0.6059561967849731,BERTScore-deberta-xlarge-mnli
121,0.35585585585585583,0.09954751131221719,0.16666666666666666,0.5933277606964111,0.679134726524353,0.6333380937576294,BERTScore-deberta-xlarge-mnli
122,0.3193997856377278,0.05800214822771214,0.13719185423365488,0.5159928798675537,0.5738875865936279,0.5434024930000305,BERTScore-deberta-xlarge-mnli
123,0.15953307392996108,0.04296874999999999,0.10505836575875487,0.49051952362060547,0.5926254987716675,0.5367598533630371,BERTScore-deberta-xlarge-mnli
124,0.37457044673539525,0.07586206896551724,0.15807560137457047,0.5484476685523987,0.5411690473556519,0.5447840094566345,BERTScore-deberta-xlarge-mnli
125,0.5155440414507771,0.187012987012987,0.16580310880829016,0.6420302391052246,0.668120265007019,0.6548154950141907,BERTScore-deberta-xlarge-mnli
126,0.28125,0.10704960835509138,0.14583333333333334,0.5359528064727783,0.6218319535255432,0.5757073163986206,BERTScore-deberta-xlarge-mnli
127,0.3252279635258359,0.08841463414634146,0.17325227963525835,0.5552692413330078,0.658063530921936,0.6023119688034058,BERTScore-deberta-xlarge-mnli
128,0.3956343792633015,0.12859097127222982,0.1855388813096862,0.5680837631225586,0.6479884386062622,0.6054109334945679,BERTScore-deberta-xlarge-mnli
129,0.4586666666666667,0.18181818181818182,0.19200000000000003,0.6226591467857361,0.6823661923408508,0.6511468291282654,BERTScore-deberta-xlarge-mnli
130,0.44109589041095887,0.14835164835164838,0.19726027397260276,0.6092054843902588,0.6663734316825867,0.6365084052085876,BERTScore-deberta-xlarge-mnli
131,0.29591836734693877,0.07179487179487179,0.12755102040816327,0.590949296951294,0.6902920603752136,0.6367692947387695,BERTScore-deberta-xlarge-mnli
132,0.4568651275820171,0.15834348355663824,0.22114216281895505,0.5900186896324158,0.6537033319473267,0.6202305555343628,BERTScore-deberta-xlarge-mnli
133,0.4210526315789474,0.11388888888888889,0.19390581717451522,0.603378415107727,0.630419909954071,0.6166028380393982,BERTScore-deberta-xlarge-mnli
134,0.2939759036144578,0.07729468599033816,0.15180722891566265,0.5419542193412781,0.610264778137207,0.5740845203399658,BERTScore-deberta-xlarge-mnli
135,0.41582336706531736,0.10691244239631338,0.15823367065317387,0.575951337814331,0.6146293878555298,0.594662070274353,BERTScore-deberta-xlarge-mnli
136,0.40304182509505704,0.12706480304955528,0.17997465145754118,0.5791385173797607,0.6491481065750122,0.612148106098175,BERTScore-deberta-xlarge-mnli
137,0.5398457583547558,0.22680412371134023,0.2365038560411311,0.6649808883666992,0.7138364315032959,0.6885430812835693,BERTScore-deberta-xlarge-mnli
138,0.5229885057471264,0.19596541786743518,0.21264367816091953,0.6579884886741638,0.6699708700180054,0.6639256477355957,BERTScore-deberta-xlarge-mnli
139,0.334855403348554,0.06412213740458016,0.15220700152207,0.5666463375091553,0.5536432862281799,0.5600693821907043,BERTScore-deberta-xlarge-mnli
140,0.30048780487804877,0.10557184750733137,0.14439024390243904,0.4986298680305481,0.6126962304115295,0.5498091578483582,BERTScore-deberta-xlarge-mnli
141,0.4065040650406504,0.11419249592169659,0.16585365853658535,0.582322359085083,0.6119389533996582,0.5967634320259094,BERTScore-deberta-xlarge-mnli
142,0.38427947598253276,0.08333333333333333,0.16593886462882096,0.587334394454956,0.6977052092552185,0.637779951095581,BERTScore-deberta-xlarge-mnli
143,0.2878625134264232,0.07319698600645856,0.13533834586466165,0.5043617486953735,0.5754654407501221,0.5375726222991943,BERTScore-deberta-xlarge-mnli
144,0.44074074074074077,0.19702602230483274,0.21111111111111114,0.606268048286438,0.6505745649337769,0.6276403665542603,BERTScore-deberta-xlarge-mnli
145,0.4121071012805588,0.11435239206534423,0.16065192083818397,0.5806516408920288,0.6263259649276733,0.6026245951652527,BERTScore-deberta-xlarge-mnli
146,0.48092868988391374,0.17970049916805325,0.21558872305140958,0.6360004544258118,0.6627709865570068,0.6491098403930664,BERTScore-deberta-xlarge-mnli
147,0.4391080617495712,0.11359724612736662,0.2058319039451115,0.6478838920593262,0.6325191855430603,0.6401093006134033,BERTScore-deberta-xlarge-mnli
148,0.29827915869980876,0.07471264367816093,0.13575525812619504,0.5008459091186523,0.5864382386207581,0.540273129940033,BERTScore-deberta-xlarge-mnli
149,0.5301914580265096,0.22156573116691286,0.27393225331369664,0.6746202707290649,0.7408652305603027,0.7061926126480103,BERTScore-deberta-xlarge-mnli
150,0.5055762081784386,0.20895522388059704,0.2676579925650558,0.653700590133667,0.6827586889266968,0.6679137349128723,BERTScore-deberta-xlarge-mnli
151,0.39839572192513373,0.1126005361930295,0.18983957219251335,0.6094263195991516,0.6057018041610718,0.6075583100318909,BERTScore-deberta-xlarge-mnli
152,0.4199655765920826,0.1243523316062176,0.18932874354561102,0.601840615272522,0.6894616484642029,0.6426783800125122,BERTScore-deberta-xlarge-mnli
153,0.31812577065351416,0.069221260815822,0.1282367447595561,0.5552790760993958,0.6540675163269043,0.6006384491920471,BERTScore-deberta-xlarge-mnli
154,0.3627906976744187,0.11214953271028037,0.19534883720930235,0.602873682975769,0.6864596605300903,0.6419572830200195,BERTScore-deberta-xlarge-mnli
155,0.4579025110782866,0.2222222222222222,0.2895125553914327,0.633211612701416,0.6759778261184692,0.6538962125778198,BERTScore-deberta-xlarge-mnli
156,0.4416315049226442,0.15232722143864597,0.21659634317862164,0.6336687803268433,0.6552437543869019,0.6442756652832031,BERTScore-deberta-xlarge-mnli
157,0.44213263979193757,0.11994784876140809,0.16905071521456436,0.6069667935371399,0.6423335075378418,0.6241495609283447,BERTScore-deberta-xlarge-mnli
158,0.4749034749034749,0.11627906976744186,0.19691119691119693,0.6575036644935608,0.672123372554779,0.6647331714630127,BERTScore-deberta-xlarge-mnli
159,0.31128404669260706,0.08984375,0.15953307392996108,0.5835050940513611,0.7027955055236816,0.6376188397407532,BERTScore-deberta-xlarge-mnli
160,0.4657534246575342,0.137524557956778,0.187866927592955,0.5966102480888367,0.6251214742660522,0.6105332374572754,BERTScore-deberta-xlarge-mnli
161,0.34101382488479265,0.06697459584295612,0.14746543778801846,0.503541886806488,0.5506588220596313,0.5260474681854248,BERTScore-deberta-xlarge-mnli
162,0.4448462929475588,0.19237749546279492,0.1844484629294756,0.5915910601615906,0.6730751991271973,0.6297080516815186,BERTScore-deberta-xlarge-mnli
163,0.4472049689440994,0.1643835616438356,0.20869565217391306,0.6389630436897278,0.6550629734992981,0.6469128727912903,BERTScore-deberta-xlarge-mnli
164,0.2199052132701422,0.04748338081671414,0.12322274881516589,0.4741005301475525,0.5386778116226196,0.5043303966522217,BERTScore-deberta-xlarge-mnli
165,0.37816245006657784,0.09078771695594126,0.16245006657789612,0.5697712898254395,0.6280126571655273,0.5974760055541992,BERTScore-deberta-xlarge-mnli
166,0.41369047619047616,0.1044776119402985,0.17857142857142858,0.6038766503334045,0.6540507078170776,0.6279630064964294,BERTScore-deberta-xlarge-mnli
167,0.3633633633633634,0.0572289156626506,0.14114114114114112,0.5821021199226379,0.5908411741256714,0.5864390134811401,BERTScore-deberta-xlarge-mnli
168,0.42638036809815955,0.14153846153846156,0.18404907975460125,0.6369907855987549,0.6680306196212769,0.6521415710449219,BERTScore-deberta-xlarge-mnli
169,0.3888888888888889,0.10756972111553785,0.2103174603174603,0.6038258075714111,0.6836205720901489,0.6412503719329834,BERTScore-deberta-xlarge-mnli
170,0.349740932642487,0.06753246753246754,0.14507772020725387,0.5426241755485535,0.6035430431365967,0.5714646577835083,BERTScore-deberta-xlarge-mnli
171,0.3538767395626243,0.11177644710578842,0.20278330019880716,0.5830212235450745,0.6561910510063171,0.6174459457397461,BERTScore-deberta-xlarge-mnli
172,0.3074484944532488,0.08267090620031797,0.14263074484944532,0.5615636110305786,0.6784012913703918,0.614477813243866,BERTScore-deberta-xlarge-mnli
173,0.308,0.08835341365461846,0.13999999999999999,0.5613202452659607,0.6016228199005127,0.5807731747627258,BERTScore-deberta-xlarge-mnli
174,0.4285714285714286,0.13450292397660818,0.1865889212827988,0.6124181747436523,0.6756260395050049,0.642471194267273,BERTScore-deberta-xlarge-mnli
175,0.39058171745152354,0.06944444444444443,0.17451523545706374,0.579103410243988,0.5864420533180237,0.5827496647834778,BERTScore-deberta-xlarge-mnli
176,0.3434343434343434,0.08108108108108109,0.14814814814814814,0.5894129276275635,0.6624560952186584,0.6238036155700684,BERTScore-deberta-xlarge-mnli
177,0.4096,0.09630818619582665,0.1472,0.6285158395767212,0.6769198775291443,0.6518204808235168,BERTScore-deberta-xlarge-mnli
178,0.5806451612903227,0.3117408906882591,0.36693548387096775,0.7138707041740417,0.7100953459739685,0.7119780778884888,BERTScore-deberta-xlarge-mnli
179,0.2713178294573643,0.07782101167315175,0.15891472868217052,0.5506875514984131,0.583686113357544,0.5667068958282471,BERTScore-deberta-xlarge-mnli
180,0.3723076923076923,0.07407407407407408,0.16615384615384615,0.5376889705657959,0.597025454044342,0.5658057928085327,BERTScore-deberta-xlarge-mnli
181,0.3382113821138211,0.1305057096247961,0.15609756097560976,0.5836466550827026,0.6651405692100525,0.6217345595359802,BERTScore-deberta-xlarge-mnli
182,0.5628517823639776,0.22222222222222224,0.2551594746716698,0.674697756767273,0.6696652173995972,0.6721720695495605,BERTScore-deberta-xlarge-mnli
183,0.4448,0.14125200642054572,0.20159999999999997,0.6339119672775269,0.6386977434158325,0.6362958550453186,BERTScore-deberta-xlarge-mnli
184,0.41715976331360943,0.12462908011869436,0.1863905325443787,0.5905601978302002,0.6752744913101196,0.6300826668739319,BERTScore-deberta-xlarge-mnli
185,0.17834394904458598,0.012903225806451611,0.12738853503184713,0.5959945917129517,0.5468040704727173,0.570340633392334,BERTScore-deberta-xlarge-mnli
186,0.33079847908745247,0.12213740458015267,0.1482889733840304,0.5643898248672485,0.6596635580062866,0.6083188652992249,BERTScore-deberta-xlarge-mnli
187,0.4655172413793103,0.20069204152249134,0.23103448275862065,0.6557906866073608,0.7163928747177124,0.6847535371780396,BERTScore-deberta-xlarge-mnli
188,0.43005181347150256,0.09895833333333334,0.1968911917098446,0.5899155139923096,0.6648465394973755,0.6251437067985535,BERTScore-deberta-xlarge-mnli
189,0.4937106918238993,0.11987381703470033,0.21069182389937105,0.6256656050682068,0.6266083121299744,0.6261366009712219,BERTScore-deberta-xlarge-mnli
190,0.3249516441005803,0.11262135922330098,0.16247582205029015,0.5774593353271484,0.688321590423584,0.6280355453491211,BERTScore-deberta-xlarge-mnli
191,0.3981762917933131,0.11890243902439025,0.16109422492401218,0.5739595890045166,0.6299916505813599,0.6006717681884766,BERTScore-deberta-xlarge-mnli
192,0.37333333333333335,0.09234507897934387,0.14545454545454548,0.5778839588165283,0.587936520576477,0.582866907119751,BERTScore-deberta-xlarge-mnli
193,0.3644578313253013,0.06948640483383685,0.1566265060240964,0.5990327596664429,0.6286677122116089,0.6134925484657288,BERTScore-deberta-xlarge-mnli
194,0.3847376788553259,0.19776714513556617,0.22893481717011124,0.6069546341896057,0.7417669892311096,0.6676231622695923,BERTScore-deberta-xlarge-mnli
195,0.3413516609392898,0.09873708381171067,0.16036655211912945,0.49890920519828796,0.563165545463562,0.5290936231613159,BERTScore-deberta-xlarge-mnli
196,0.19019019019019018,0.028084252758274825,0.09609609609609611,0.4428701400756836,0.5429100394248962,0.48781391978263855,BERTScore-deberta-xlarge-mnli
197,0.3802816901408451,0.1011764705882353,0.17370892018779344,0.5656293034553528,0.6366920471191406,0.5990606546401978,BERTScore-deberta-xlarge-mnli
198,0.3530927835051546,0.09819121447028423,0.17525773195876287,0.5700281858444214,0.6280322074890137,0.5976260304450989,BERTScore-deberta-xlarge-mnli
199,0.27626459143968873,0.09765625,0.14007782101167315,0.5342813730239868,0.6557095646858215,0.5888000726699829,BERTScore-deberta-xlarge-mnli
200,0.398970398970399,0.11870967741935481,0.2007722007722008,0.5916168689727783,0.6604567170143127,0.6241443753242493,BERTScore-deberta-xlarge-mnli
201,0.48586118251928023,0.13144329896907214,0.18508997429305912,0.65855473279953,0.6819391250610352,0.6700429320335388,BERTScore-deberta-xlarge-mnli
202,0.4336448598130841,0.1651031894934334,0.2130841121495327,0.5955118536949158,0.6572686433792114,0.6248680949211121,BERTScore-deberta-xlarge-mnli
203,0.37037037037037035,0.1152542372881356,0.21548821548821548,0.6097134351730347,0.6916435956954956,0.648099422454834,BERTScore-deberta-xlarge-mnli
204,0.28571428571428575,0.09014084507042253,0.14005602240896356,0.5447537899017334,0.6897361278533936,0.6087313294410706,BERTScore-deberta-xlarge-mnli
205,0.31026252983293556,0.07177033492822965,0.13842482100238665,0.5299960374832153,0.5509114861488342,0.5402513742446899,BERTScore-deberta-xlarge-mnli
206,0.3256445047489824,0.12789115646258503,0.18453188602442336,0.5853462815284729,0.6817766427993774,0.6298921704292297,BERTScore-deberta-xlarge-mnli
207,0.4156626506024096,0.12084592145015105,0.19277108433734938,0.5883879661560059,0.6128201484680176,0.6003555655479431,BERTScore-deberta-xlarge-mnli
208,0.37516170763260026,0.10635538261997407,0.1552393272962484,0.5999222993850708,0.6238387823104858,0.611646831035614,BERTScore-deberta-xlarge-mnli
209,0.45879732739420936,0.19686800894854586,0.25389755011135856,0.6642208695411682,0.709516167640686,0.6861217617988586,BERTScore-deberta-xlarge-mnli
210,0.35146443514644354,0.09663865546218486,0.16736401673640167,0.5869787931442261,0.6286411285400391,0.6070960164070129,BERTScore-deberta-xlarge-mnli
211,0.3431952662721894,0.10682492581602374,0.16568047337278105,0.5623550415039062,0.6512827277183533,0.6035608053207397,BERTScore-deberta-xlarge-mnli
212,0.30713422007255137,0.08,0.14993954050785976,0.531120777130127,0.5941685438156128,0.5608784556388855,BERTScore-deberta-xlarge-mnli
213,0.36363636363636365,0.09605911330049262,0.13513513513513511,0.5471086502075195,0.6309177875518799,0.586031973361969,BERTScore-deberta-xlarge-mnli
214,0.34920634920634913,0.09163346613545816,0.15079365079365079,0.5663130283355713,0.6366909742355347,0.5994433760643005,BERTScore-deberta-xlarge-mnli
215,0.33698630136986296,0.07692307692307691,0.1506849315068493,0.587398886680603,0.6481754779815674,0.616292417049408,BERTScore-deberta-xlarge-mnli
216,0.36121212121212115,0.0850546780072904,0.17454545454545456,0.5553716421127319,0.6211283206939697,0.5864123702049255,BERTScore-deberta-xlarge-mnli
217,0.28615863141524106,0.0717628705148206,0.15241057542768274,0.5445888638496399,0.6125764846801758,0.5765854716300964,BERTScore-deberta-xlarge-mnli
218,0.4588045234248789,0.09724473257698542,0.1841680129240711,0.6317602396011353,0.6424275040626526,0.6370491981506348,BERTScore-deberta-xlarge-mnli
219,0.39433293978748524,0.06627218934911241,0.1652892561983471,0.606065571308136,0.6241310834884644,0.6149656772613525,BERTScore-deberta-xlarge-mnli
220,0.4432432432432432,0.14905149051490513,0.1810810810810811,0.6062713861465454,0.6540101766586304,0.62923663854599,BERTScore-deberta-xlarge-mnli
221,0.26161790017211706,0.07253886010362695,0.14457831325301207,0.5613017678260803,0.6596567630767822,0.6065177321434021,BERTScore-deberta-xlarge-mnli
222,0.41241685144124174,0.12026726057906457,0.18181818181818182,0.6479690670967102,0.6270759701728821,0.6373513340950012,BERTScore-deberta-xlarge-mnli
223,0.3799772468714448,0.1185860889395667,0.19567690557451647,0.5229691863059998,0.5827322602272034,0.5512356162071228,BERTScore-deberta-xlarge-mnli
224,0.38860103626943004,0.14025974025974025,0.18911917098445594,0.5700440406799316,0.6102173328399658,0.5894469618797302,BERTScore-deberta-xlarge-mnli
225,0.4448979591836734,0.29508196721311475,0.31428571428571433,0.6551538705825806,0.7870696783065796,0.7150788307189941,BERTScore-deberta-xlarge-mnli
226,0.3116883116883116,0.09921671018276762,0.14025974025974025,0.5650175213813782,0.6719487905502319,0.6138612031936646,BERTScore-deberta-xlarge-mnli
227,0.2033096926713948,0.01658767772511848,0.10401891252955082,0.4843193292617798,0.534176230430603,0.5080274939537048,BERTScore-deberta-xlarge-mnli
228,0.4333672431332656,0.11620795107033641,0.17090539165818922,0.5510026812553406,0.5748660564422607,0.5626814365386963,BERTScore-deberta-xlarge-mnli
229,0.3864406779661017,0.08607021517553792,0.16271186440677965,0.5554940700531006,0.6135261058807373,0.5830696821212769,BERTScore-deberta-xlarge-mnli
230,0.36054421768707484,0.1501706484641638,0.17687074829931973,0.5546545386314392,0.6471360921859741,0.5973369479179382,BERTScore-deberta-xlarge-mnli
231,0.34759358288770054,0.10187667560321716,0.1657754010695187,0.5638893842697144,0.6415300965309143,0.6002092957496643,BERTScore-deberta-xlarge-mnli
232,0.3878787878787879,0.14285714285714285,0.18181818181818182,0.6045510768890381,0.671869695186615,0.6364351511001587,BERTScore-deberta-xlarge-mnli
233,0.3157894736842105,0.10296010296010295,0.1668806161745828,0.5412185192108154,0.6192405223846436,0.5776066780090332,BERTScore-deberta-xlarge-mnli
234,0.3434343434343435,0.09261939218523879,0.15295815295815296,0.5377849340438843,0.6199492812156677,0.5759515166282654,BERTScore-deberta-xlarge-mnli
235,0.4266666666666667,0.08361204013377926,0.18333333333333332,0.6173365712165833,0.6667619347572327,0.6410980820655823,BERTScore-deberta-xlarge-mnli
236,0.32456140350877194,0.08797653958944282,0.16666666666666666,0.559431254863739,0.6560529470443726,0.6039018034934998,BERTScore-deberta-xlarge-mnli
237,0.40353460972017674,0.11521418020679468,0.16789396170839468,0.5847034454345703,0.6511725187301636,0.6161505579948425,BERTScore-deberta-xlarge-mnli
238,0.32587064676616917,0.08728179551122194,0.1517412935323383,0.5746513605117798,0.6082881689071655,0.5909914970397949,BERTScore-deberta-xlarge-mnli
239,0.44935972060535506,0.22870478413068845,0.20488940628637953,0.6026210784912109,0.6868038773536682,0.6419644951820374,BERTScore-deberta-xlarge-mnli
240,0.4106844741235392,0.16415410385259632,0.21368948247078465,0.5921081304550171,0.6962732076644897,0.6399798393249512,BERTScore-deberta-xlarge-mnli
241,0.4688644688644688,0.13602941176470587,0.18315018315018317,0.651244044303894,0.6539006233215332,0.6525696516036987,BERTScore-deberta-xlarge-mnli
242,0.33183856502242154,0.12593703148425786,0.14947683109118087,0.5596754550933838,0.6309174299240112,0.5931649804115295,BERTScore-deberta-xlarge-mnli
243,0.36525612472160357,0.109375,0.16703786191536746,0.5597924590110779,0.6077706217765808,0.5827957391738892,BERTScore-deberta-xlarge-mnli
244,0.4467005076142132,0.1450381679389313,0.2055837563451777,0.610669732093811,0.6379822492599487,0.6240273118019104,BERTScore-deberta-xlarge-mnli
245,0.24437299035369778,0.0967741935483871,0.12861736334405144,0.5196803212165833,0.6625560522079468,0.5824847221374512,BERTScore-deberta-xlarge-mnli
246,0.38309859154929576,0.11864406779661016,0.2028169014084507,0.6015058755874634,0.65968257188797,0.6292523741722107,BERTScore-deberta-xlarge-mnli
247,0.3300970873786408,0.15584415584415584,0.19417475728155337,0.6026087999343872,0.6535650491714478,0.6270533800125122,BERTScore-deberta-xlarge-mnli
248,0.45505617977528096,0.14084507042253522,0.21629213483146065,0.6077383160591125,0.6533656120300293,0.6297265887260437,BERTScore-deberta-xlarge-mnli
249,0.4018404907975461,0.11076923076923077,0.1687116564417178,0.577485203742981,0.6029841899871826,0.5899593234062195,BERTScore-deberta-xlarge-mnli
250,0.4671140939597315,0.13997308209959625,0.18791946308724833,0.617842435836792,0.6436295509338379,0.6304724216461182,BERTScore-deberta-xlarge-mnli
251,0.3979328165374677,0.11398963730569947,0.19379844961240308,0.5694085359573364,0.630661129951477,0.5984716415405273,BERTScore-deberta-xlarge-mnli
252,0.5614678899082569,0.23204419889502764,0.25321100917431194,0.6666950583457947,0.6867413520812988,0.6765697002410889,BERTScore-deberta-xlarge-mnli
253,0.3568345323741007,0.10389610389610389,0.15827338129496402,0.5890093445777893,0.5877883434295654,0.588398277759552,BERTScore-deberta-xlarge-mnli
254,0.5761904761904761,0.3110047846889953,0.3476190476190476,0.7094706296920776,0.7622222304344177,0.7349010705947876,BERTScore-deberta-xlarge-mnli
255,0.36107193229901274,0.0876944837340877,0.16643159379407615,0.598450779914856,0.6374215483665466,0.617321789264679,BERTScore-deberta-xlarge-mnli
256,0.36926889714993805,0.12422360248447205,0.16356877323420074,0.5362681746482849,0.6029396653175354,0.5676529407501221,BERTScore-deberta-xlarge-mnli
257,0.4490861618798956,0.13648293963254593,0.19843342036553524,0.6611407995223999,0.7160032987594604,0.6874792575836182,BERTScore-deberta-xlarge-mnli
258,0.4222737819025522,0.13053613053613053,0.1902552204176334,0.6431509256362915,0.6283901929855347,0.6356849074363708,BERTScore-deberta-xlarge-mnli
259,0.4084880636604774,0.14361702127659576,0.1989389920424403,0.5937415361404419,0.6559512615203857,0.6232979893684387,BERTScore-deberta-xlarge-mnli
260,0.43167305236270753,0.14596670934699105,0.1711366538952746,0.5689541101455688,0.6319903135299683,0.5988178849220276,BERTScore-deberta-xlarge-mnli
261,0.3008514664143803,0.07203791469194314,0.12677388836329234,0.48786622285842896,0.5322780013084412,0.509105384349823,BERTScore-deberta-xlarge-mnli
262,0.22323462414578588,0.06621004566210045,0.10933940774487473,0.47272732853889465,0.5883793830871582,0.5242508053779602,BERTScore-deberta-xlarge-mnli
263,0.4101748807631161,0.10845295055821372,0.2066772655007949,0.6254895925521851,0.63356614112854,0.6295019388198853,BERTScore-deberta-xlarge-mnli
264,0.5176056338028169,0.16607773851590102,0.2112676056338028,0.6755008697509766,0.6849313974380493,0.680183470249176,BERTScore-deberta-xlarge-mnli
265,0.5528031290743155,0.23529411764705882,0.22685788787483702,0.6427473425865173,0.6895614266395569,0.6653319001197815,BERTScore-deberta-xlarge-mnli
266,0.38586956521739135,0.09264305177111716,0.15217391304347824,0.5545285940170288,0.5927653908729553,0.5730097889900208,BERTScore-deberta-xlarge-mnli
267,0.3791044776119403,0.08383233532934133,0.17313432835820894,0.5695986151695251,0.6435739994049072,0.604330837726593,BERTScore-deberta-xlarge-mnli
268,0.4414893617021276,0.12299465240641713,0.2127659574468085,0.6839993596076965,0.7081297636032104,0.6958553791046143,BERTScore-deberta-xlarge-mnli
269,0.4789762340036563,0.18715596330275233,0.20109689213893966,0.6447881460189819,0.708223819732666,0.6750189065933228,BERTScore-deberta-xlarge-mnli
270,0.3365570599613153,0.07378640776699029,0.12765957446808512,0.5758616328239441,0.6258039474487305,0.5997949242591858,BERTScore-deberta-xlarge-mnli
271,0.402088772845953,0.16272965879265092,0.19843342036553527,0.6196005940437317,0.7196999788284302,0.6659095883369446,BERTScore-deberta-xlarge-mnli
272,0.48355263157894735,0.1353135313531353,0.2236842105263158,0.6367292404174805,0.660516619682312,0.6484048366546631,BERTScore-deberta-xlarge-mnli
273,0.44191919191919193,0.10886075949367088,0.15404040404040403,0.5768485069274902,0.6135406494140625,0.5946291089057922,BERTScore-deberta-xlarge-mnli
274,0.3404761904761905,0.1360381861575179,0.1380952380952381,0.561042070388794,0.6607492566108704,0.6068272590637207,BERTScore-deberta-xlarge-mnli
275,0.48087431693989074,0.2362637362637363,0.27868852459016397,0.6854598522186279,0.7637534141540527,0.7224917411804199,BERTScore-deberta-xlarge-mnli
276,0.39306358381502887,0.10444874274661507,0.16184971098265896,0.6026370525360107,0.6534119844436646,0.626998245716095,BERTScore-deberta-xlarge-mnli
277,0.5197568389057751,0.2896341463414634,0.2613981762917933,0.6282874345779419,0.6895569562911987,0.6574978828430176,BERTScore-deberta-xlarge-mnli
278,0.5648535564853557,0.23949579831932769,0.25104602510460255,0.7123476266860962,0.7364226579666138,0.7241851091384888,BERTScore-deberta-xlarge-mnli
279,0.47975077881619943,0.20312499999999997,0.2149532710280374,0.6485589742660522,0.7116142511367798,0.6786250472068787,BERTScore-deberta-xlarge-mnli
280,0.3973856209150327,0.09436435124508519,0.1411764705882353,0.5791449546813965,0.6362208127975464,0.6063427329063416,BERTScore-deberta-xlarge-mnli
281,0.46402877697841727,0.1371841155234657,0.2014388489208633,0.6066761612892151,0.6375507712364197,0.621730387210846,BERTScore-deberta-xlarge-mnli
282,0.3575076608784474,0.13101330603889458,0.15526046986721143,0.5646175146102905,0.6893892884254456,0.6207960844039917,BERTScore-deberta-xlarge-mnli
283,0.3057553956834533,0.06666666666666667,0.13129496402877697,0.45665109157562256,0.5893313884735107,0.5145761370658875,BERTScore-deberta-xlarge-mnli
284,0.37820512820512825,0.1897106109324759,0.19551282051282048,0.5912840366363525,0.7151627540588379,0.6473502516746521,BERTScore-deberta-xlarge-mnli
285,0.5723577235772358,0.20228384991843393,0.23739837398373984,0.6754918098449707,0.6751863956451416,0.6753390431404114,BERTScore-deberta-xlarge-mnli
286,0.41112828438948995,0.10232558139534885,0.17001545595054096,0.6113107204437256,0.5939897298812866,0.6025257706642151,BERTScore-deberta-xlarge-mnli
287,0.1878453038674033,0.0,0.09944751381215469,0.5589597225189209,0.5404027700424194,0.5495246052742004,BERTScore-deberta-xlarge-mnli
288,0.33445945945945943,0.06440677966101695,0.13175675675675677,0.5739025473594666,0.6759786605834961,0.6207723617553711,BERTScore-deberta-xlarge-mnli
289,0.41860465116279066,0.09331259720062209,0.16434108527131783,0.5973520278930664,0.6216719746589661,0.6092694401741028,BERTScore-deberta-xlarge-mnli
290,0.4140030441400304,0.10076335877862595,0.1704718417047184,0.5893172025680542,0.6415135860443115,0.6143086552619934,BERTScore-deberta-xlarge-mnli
291,0.36535859269282817,0.12483039348710989,0.15696887686062244,0.569953441619873,0.6296519041061401,0.5983172059059143,BERTScore-deberta-xlarge-mnli
292,0.3728155339805825,0.1364522417153996,0.18640776699029124,0.560404896736145,0.6393881440162659,0.5972967147827148,BERTScore-deberta-xlarge-mnli
293,0.37292817679558005,0.10249307479224376,0.17403314917127072,0.5794340372085571,0.6145003437995911,0.5964521765708923,BERTScore-deberta-xlarge-mnli
294,0.35006784260515605,0.08707482993197281,0.16282225237449122,0.5609365701675415,0.6036716103553772,0.5815200209617615,BERTScore-deberta-xlarge-mnli
295,0.5084306095979247,0.17945383615084523,0.21011673151750976,0.6345230340957642,0.6753419637680054,0.6542964577674866,BERTScore-deberta-xlarge-mnli
296,0.49325626204238915,0.13152804642166344,0.19653179190751446,0.6492215991020203,0.6647186279296875,0.6568787097930908,BERTScore-deberta-xlarge-mnli
297,0.4015444015444016,0.09290322580645162,0.16731016731016732,0.5814005136489868,0.6184360384941101,0.5993466973304749,BERTScore-deberta-xlarge-mnli
298,0.4453227931488801,0.11360634081902246,0.19235836627140976,0.5897383689880371,0.6320943236351013,0.6101821660995483,BERTScore-deberta-xlarge-mnli
299,0.35904255319148937,0.11999999999999998,0.19680851063829785,0.5538617968559265,0.6463202238082886,0.5965296626091003,BERTScore-deberta-xlarge-mnli
300,0.37741046831955916,0.09392265193370167,0.15151515151515152,0.6056519746780396,0.6121805906295776,0.6088988184928894,BERTScore-deberta-xlarge-mnli
301,0.4618556701030928,0.1384297520661157,0.21855670103092784,0.622071385383606,0.6310286521911621,0.6265180110931396,BERTScore-deberta-xlarge-mnli
302,0.2492836676217765,0.06609195402298851,0.10888252148997135,0.5327154994010925,0.6163064241409302,0.5714703798294067,BERTScore-deberta-xlarge-mnli
303,0.434010152284264,0.1272264631043257,0.17005076142131978,0.6149827241897583,0.6467880010604858,0.6304845213890076,BERTScore-deberta-xlarge-mnli
304,0.43453237410071943,0.10966810966810966,0.20431654676258992,0.5981661081314087,0.6313257217407227,0.6142987608909607,BERTScore-deberta-xlarge-mnli
305,0.3552123552123553,0.09435421500386698,0.13590733590733592,0.5577312707901001,0.5868465900421143,0.5719186067581177,BERTScore-deberta-xlarge-mnli
306,0.2345679012345679,0.09917355371900825,0.1440329218106996,0.5491464138031006,0.6657570004463196,0.6018553972244263,BERTScore-deberta-xlarge-mnli
307,0.4585062240663901,0.19542619542619538,0.22614107883817425,0.5449148416519165,0.6479535102844238,0.5919840335845947,BERTScore-deberta-xlarge-mnli
308,0.41514726507713884,0.1490857946554149,0.17952314165497898,0.6240510940551758,0.6914142370223999,0.6560078859329224,BERTScore-deberta-xlarge-mnli
309,0.2693997071742314,0.10279001468428782,0.13762811127379207,0.5004931688308716,0.5743905901908875,0.5349017381668091,BERTScore-deberta-xlarge-mnli
310,0.34727503168567814,0.11435832274459974,0.14195183776932827,0.5563029646873474,0.5935339331626892,0.5743157267570496,BERTScore-deberta-xlarge-mnli
311,0.30943396226415093,0.04924242424242424,0.139622641509434,0.579969048500061,0.5729258060455322,0.5764259099960327,BERTScore-deberta-xlarge-mnli
312,0.24382716049382716,0.058823529411764705,0.14197530864197533,0.5305002927780151,0.6232354044914246,0.5731409788131714,BERTScore-deberta-xlarge-mnli
313,0.5562913907284768,0.2572062084257207,0.3311258278145695,0.7091033458709717,0.7506226301193237,0.7292724847793579,BERTScore-deberta-xlarge-mnli
314,0.2646657571623465,0.04924760601915185,0.12824010914051842,0.5205351114273071,0.5845750570297241,0.5506995916366577,BERTScore-deberta-xlarge-mnli
315,0.39583333333333337,0.09947643979057591,0.17708333333333331,0.5555773973464966,0.5929314494132996,0.5736470222473145,BERTScore-deberta-xlarge-mnli
316,0.38425196850393706,0.05687203791469194,0.14803149606299212,0.580934464931488,0.5802720189094543,0.5806030631065369,BERTScore-deberta-xlarge-mnli
317,0.4674085850556439,0.2041467304625199,0.20349761526232116,0.6362850666046143,0.6872243881225586,0.6607744693756104,BERTScore-deberta-xlarge-mnli
318,0.2653061224489796,0.0887372013651877,0.13945578231292519,0.5163211822509766,0.6151511073112488,0.5614199042320251,BERTScore-deberta-xlarge-mnli
319,0.3485477178423237,0.058252427184466014,0.15214384508990317,0.5734246969223022,0.6071383953094482,0.5898001194000244,BERTScore-deberta-xlarge-mnli
320,0.36674259681093396,0.0821917808219178,0.16856492027334855,0.5900561213493347,0.619568943977356,0.6044524908065796,BERTScore-deberta-xlarge-mnli
321,0.3561643835616438,0.08934707903780069,0.1780821917808219,0.540186882019043,0.588187575340271,0.5631662607192993,BERTScore-deberta-xlarge-mnli
322,0.2888888888888889,0.09701492537313433,0.18518518518518517,0.5835211277008057,0.5083069801330566,0.5433233380317688,BERTScore-deberta-xlarge-mnli
323,0.310828025477707,0.12260536398467434,0.14777070063694267,0.5544120073318481,0.6652190685272217,0.604781985282898,BERTScore-deberta-xlarge-mnli
324,0.5345622119815668,0.32973805855161786,0.4055299539170507,0.6515131592750549,0.7334895133972168,0.6900753378868103,BERTScore-deberta-xlarge-mnli
325,0.530841121495327,0.2476547842401501,0.24299065420560748,0.643288254737854,0.6944137811660767,0.6678740382194519,BERTScore-deberta-xlarge-mnli
326,0.42874251497005983,0.10804321728691477,0.18922155688622755,0.5819492340087891,0.6451283097267151,0.6119123101234436,BERTScore-deberta-xlarge-mnli
327,0.45287958115183247,0.14173228346456693,0.21204188481675393,0.6068094968795776,0.6595257520675659,0.6320703625679016,BERTScore-deberta-xlarge-mnli
328,0.5058548009367682,0.18823529411764706,0.234192037470726,0.6641654968261719,0.7491143941879272,0.7040868997573853,BERTScore-deberta-xlarge-mnli
329,0.26430517711171664,0.08196721311475409,0.11989100817438693,0.495275616645813,0.5971559286117554,0.5414650440216064,BERTScore-deberta-xlarge-mnli
331,0.43966547192353644,0.09820359281437126,0.15292712066905617,0.5797291398048401,0.6350495219230652,0.6061297059059143,BERTScore-deberta-xlarge-mnli
332,0.5099337748344371,0.18272425249169436,0.27483443708609273,0.6523828506469727,0.6980446577072144,0.6744417548179626,BERTScore-deberta-xlarge-mnli
333,0.37664233576642336,0.09956076134699854,0.16642335766423355,0.565291166305542,0.6117550134658813,0.5876060128211975,BERTScore-deberta-xlarge-mnli
334,0.48250460405156537,0.16266173752310537,0.2025782688766114,0.648250937461853,0.6504075527191162,0.6493274569511414,BERTScore-deberta-xlarge-mnli
335,0.26915887850467285,0.0900562851782364,0.13084112149532712,0.5723611116409302,0.6556933522224426,0.6111998558044434,BERTScore-deberta-xlarge-mnli
336,0.3448275862068965,0.1692307692307692,0.20689655172413793,0.6072852611541748,0.7110894918441772,0.6551007628440857,BERTScore-deberta-xlarge-mnli
337,0.5911949685534592,0.26947368421052625,0.360587002096436,0.7017927169799805,0.7398461103439331,0.7203171849250793,BERTScore-deberta-xlarge-mnli
338,0.47680412371134023,0.18087855297157623,0.23195876288659792,0.6158338189125061,0.6503900289535522,0.6326403617858887,BERTScore-deberta-xlarge-mnli
339,0.33999999999999997,0.10275689223057644,0.1525,0.5535072684288025,0.6037136316299438,0.5775213837623596,BERTScore-deberta-xlarge-mnli
340,0.39722222222222225,0.07799442896935935,0.14722222222222223,0.571530818939209,0.5950427651405334,0.5830498933792114,BERTScore-deberta-xlarge-mnli
341,0.37694013303769397,0.16481069042316257,0.18181818181818182,0.5732659697532654,0.6836299896240234,0.6236026287078857,BERTScore-deberta-xlarge-mnli
342,0.3015564202334631,0.07992202729044835,0.13229571984435798,0.46258533000946045,0.532833456993103,0.49523064494132996,BERTScore-deberta-xlarge-mnli
343,0.510556621880998,0.15799614643545282,0.2380038387715931,0.6425329446792603,0.6652092933654785,0.6536745429039001,BERTScore-deberta-xlarge-mnli
344,0.39159001314060443,0.11067193675889327,0.18659658344283836,0.571556568145752,0.6184314489364624,0.5940707921981812,BERTScore-deberta-xlarge-mnli
345,0.2062415196743555,0.03809523809523809,0.10040705563093623,0.5241203308105469,0.5964767336845398,0.5579624772071838,BERTScore-deberta-xlarge-mnli
346,0.1791530944625407,0.06209150326797386,0.10749185667752442,0.48504936695098877,0.6245971322059631,0.5460485816001892,BERTScore-deberta-xlarge-mnli
347,0.4984984984984985,0.15361445783132527,0.22822822822822825,0.6603402495384216,0.6574305295944214,0.658882200717926,BERTScore-deberta-xlarge-mnli
348,0.383601756954612,0.10866372980910426,0.1610541727672035,0.585300862789154,0.6518381237983704,0.616780161857605,BERTScore-deberta-xlarge-mnli
349,0.30903155603917304,0.05888767720828789,0.14363438520130578,0.5527513027191162,0.5897117853164673,0.5706336498260498,BERTScore-deberta-xlarge-mnli
350,0.26019417475728157,0.06627680311890839,0.13980582524271842,0.5237872004508972,0.594775378704071,0.5570286512374878,BERTScore-deberta-xlarge-mnli
351,0.3908045977011494,0.13179571663920925,0.20032840722495895,0.59132319688797,0.6350144147872925,0.6123904585838318,BERTScore-deberta-xlarge-mnli
352,0.5071574642126789,0.188911704312115,0.294478527607362,0.6778531074523926,0.6901811957359314,0.6839615702629089,BERTScore-deberta-xlarge-mnli
353,0.3363471971066908,0.1161524500907441,0.15913200723327306,0.5392807722091675,0.6293693780899048,0.580852746963501,BERTScore-deberta-xlarge-mnli
354,0.44929797191887677,0.10015649452269171,0.15600624024961,0.614352822303772,0.6109901666641235,0.6126668453216553,BERTScore-deberta-xlarge-mnli
355,0.3887915936952715,0.15465729349736382,0.22416812609457093,0.5840040445327759,0.6519894599914551,0.6161270141601562,BERTScore-deberta-xlarge-mnli
356,0.4213406292749658,0.15363511659807957,0.1969904240766074,0.6237554550170898,0.6586030721664429,0.6407057642936707,BERTScore-deberta-xlarge-mnli
357,0.47936085219707053,0.17089452603471295,0.1970705725699068,0.6404322981834412,0.6477575302124023,0.644074022769928,BERTScore-deberta-xlarge-mnli
358,0.34036939313984166,0.09788359788359789,0.15039577836411608,0.5607467293739319,0.6278082132339478,0.5923855304718018,BERTScore-deberta-xlarge-mnli
359,0.3973214285714286,0.07623318385650224,0.14732142857142858,0.6034190058708191,0.6104562282562256,0.606917142868042,BERTScore-deberta-xlarge-mnli
360,0.4837662337662338,0.20846905537459284,0.2662337662337662,0.6625030040740967,0.7230098247528076,0.6914352178573608,BERTScore-deberta-xlarge-mnli
361,0.3473818646232439,0.056338028169014086,0.13537675606641122,0.5779297351837158,0.5722935795783997,0.575097918510437,BERTScore-deberta-xlarge-mnli
362,0.27817745803357313,0.04567307692307692,0.12470023980815348,0.5303528308868408,0.5623434782028198,0.5458798408508301,BERTScore-deberta-xlarge-mnli
363,0.480565371024735,0.14893617021276595,0.20494699646643108,0.6589311957359314,0.694332480430603,0.6761687994003296,BERTScore-deberta-xlarge-mnli
364,0.5668789808917197,0.19488817891373802,0.23248407643312102,0.6517972946166992,0.693981409072876,0.672228217124939,BERTScore-deberta-xlarge-mnli
365,0.33146696528555425,0.1212121212121212,0.1388577827547592,0.5751712322235107,0.6562693119049072,0.6130498647689819,BERTScore-deberta-xlarge-mnli
366,0.3933884297520661,0.11608623548922056,0.13553719008264464,0.6097235679626465,0.6757768392562866,0.6410531997680664,BERTScore-deberta-xlarge-mnli
367,0.3356643356643357,0.07368421052631578,0.15384615384615383,0.5601145029067993,0.6186426877975464,0.5879255533218384,BERTScore-deberta-xlarge-mnli
368,0.18983050847457628,0.056625141562853906,0.11299435028248588,0.47542604804039,0.5803036689758301,0.5226554870605469,BERTScore-deberta-xlarge-mnli
369,0.3880070546737214,0.18053097345132746,0.22574955908289246,0.5747405290603638,0.6421867609024048,0.6065946221351624,BERTScore-deberta-xlarge-mnli
370,0.46830985915492956,0.20141342756183744,0.24295774647887325,0.6462418437004089,0.6534302234649658,0.6498161554336548,BERTScore-deberta-xlarge-mnli
371,0.38003838771593096,0.10404624277456646,0.16506717850287908,0.5867713689804077,0.6523145437240601,0.6178094744682312,BERTScore-deberta-xlarge-mnli
372,0.4378947368421052,0.11839323467230445,0.18105263157894738,0.6209043860435486,0.6352419853210449,0.6279913187026978,BERTScore-deberta-xlarge-mnli
373,0.4547461368653422,0.13747228381374724,0.22958057395143489,0.644940972328186,0.6856008172035217,0.6646496057510376,BERTScore-deberta-xlarge-mnli
374,0.29679595278246207,0.08277027027027027,0.13490725126475547,0.4561237692832947,0.5181288719177246,0.4851531982421875,BERTScore-deberta-xlarge-mnli
375,0.310099573257468,0.07132667617689016,0.13655761024182075,0.5464154481887817,0.6387685537338257,0.5889937877655029,BERTScore-deberta-xlarge-mnli
376,0.31472081218274106,0.06451612903225806,0.1353637901861252,0.5497307777404785,0.6019369959831238,0.5746505856513977,BERTScore-deberta-xlarge-mnli
377,0.4478114478114478,0.1114864864864865,0.2222222222222222,0.5991520881652832,0.6072996258735657,0.6031983494758606,BERTScore-deberta-xlarge-mnli
378,0.33190025795356837,0.07062876830318691,0.13929492691315565,0.47864535450935364,0.5430448055267334,0.5088154673576355,BERTScore-deberta-xlarge-mnli
379,0.46238030095759236,0.14266117969821673,0.16963064295485636,0.6106287240982056,0.6452807188034058,0.627476692199707,BERTScore-deberta-xlarge-mnli
380,0.40849673202614384,0.17049180327868854,0.18627450980392157,0.5998532772064209,0.6459130644798279,0.6220316886901855,BERTScore-deberta-xlarge-mnli
381,0.28315946348733234,0.09865470852017937,0.13114754098360654,0.5618147850036621,0.6528567671775818,0.6039238572120667,BERTScore-deberta-xlarge-mnli
382,0.45737483085250336,0.16824966078697423,0.20297699594046006,0.6233888864517212,0.6760773658752441,0.6486649513244629,BERTScore-deberta-xlarge-mnli
383,0.5035460992907801,0.17437722419928822,0.23404255319148937,0.6457321643829346,0.687290608882904,0.665863573551178,BERTScore-deberta-xlarge-mnli
384,0.49560117302052786,0.16176470588235295,0.18475073313782991,0.6439981460571289,0.6571972966194153,0.6505308151245117,BERTScore-deberta-xlarge-mnli
385,0.516728624535316,0.17537313432835822,0.2342007434944238,0.6549618244171143,0.7088143825531006,0.6808248162269592,BERTScore-deberta-xlarge-mnli
386,0.437414030261348,0.13517241379310346,0.17606602475928473,0.6085371971130371,0.6324178576469421,0.6202477216720581,BERTScore-deberta-xlarge-mnli
387,0.425414364640884,0.14127423822714683,0.20718232044198895,0.5941768288612366,0.6516069173812866,0.6215680837631226,BERTScore-deberta-xlarge-mnli
388,0.41970443349753694,0.09871668311944717,0.15763546798029557,0.5592210292816162,0.5846543908119202,0.5716549754142761,BERTScore-deberta-xlarge-mnli
389,0.303763440860215,0.09703504043126686,0.15322580645161288,0.5488104820251465,0.6327713131904602,0.5878078937530518,BERTScore-deberta-xlarge-mnli
390,0.4318869828456105,0.16582406471183012,0.2058526740665994,0.528618335723877,0.6173982620239258,0.56956946849823,BERTScore-deberta-xlarge-mnli
391,0.2906350914962325,0.06472491909385114,0.11840688912809472,0.47104203701019287,0.6024683117866516,0.528710126876831,BERTScore-deberta-xlarge-mnli
392,0.3992740471869328,0.22222222222222224,0.25045372050816694,0.5943526029586792,0.7255775928497314,0.6534420251846313,BERTScore-deberta-xlarge-mnli
393,0.30614805520702637,0.0679245283018868,0.13550815558343787,0.55710369348526,0.6164618730545044,0.5852815508842468,BERTScore-deberta-xlarge-mnli
394,0.40756302521008403,0.11392405063291138,0.20588235294117646,0.6424556970596313,0.6858944892883301,0.6634648442268372,BERTScore-deberta-xlarge-mnli
395,0.3572519083969466,0.07656967840735068,0.1618320610687023,0.5837892293930054,0.5971931219100952,0.5904150605201721,BERTScore-deberta-xlarge-mnli
396,0.4793028322440087,0.1575492341356674,0.20043572984749455,0.6664607524871826,0.6936968564987183,0.679806113243103,BERTScore-deberta-xlarge-mnli
397,0.43270024772914945,0.15053763440860216,0.1750619322873658,0.5205217003822327,0.61380934715271,0.5633295178413391,BERTScore-deberta-xlarge-mnli
398,0.2973451327433628,0.07801418439716311,0.12920353982300883,0.48257604241371155,0.5837259292602539,0.5283534526824951,BERTScore-deberta-xlarge-mnli
399,0.4516129032258064,0.10285714285714284,0.18595825426944976,0.6295951008796692,0.6417360901832581,0.6356076002120972,BERTScore-deberta-xlarge-mnli
400,0.2798833819241982,0.049707602339181284,0.12244897959183672,0.5172344446182251,0.5718588829040527,0.5431767702102661,BERTScore-deberta-xlarge-mnli
401,0.4535768645357687,0.13740458015267173,0.2100456621004566,0.6492812633514404,0.6389882564544678,0.6440936326980591,BERTScore-deberta-xlarge-mnli
402,0.2718253968253968,0.07952286282306163,0.14682539682539683,0.49907612800598145,0.5776766538619995,0.5355075597763062,BERTScore-deberta-xlarge-mnli
403,0.3470031545741325,0.11708860759493671,0.1640378548895899,0.5731238126754761,0.6751773357391357,0.6199789643287659,BERTScore-deberta-xlarge-mnli
404,0.4784688995215311,0.2176,0.20414673046251994,0.6424534320831299,0.686286449432373,0.663646936416626,BERTScore-deberta-xlarge-mnli
405,0.33421750663129973,0.11733333333333335,0.15384615384615385,0.5895264744758606,0.6969339847564697,0.6387465000152588,BERTScore-deberta-xlarge-mnli
406,0.31101511879049676,0.06073752711496746,0.12526997840172785,0.5650901198387146,0.6221940517425537,0.5922687649726868,BERTScore-deberta-xlarge-mnli
407,0.4248496993987975,0.1529175050301811,0.17635270541082165,0.5717417001724243,0.6440155506134033,0.605730414390564,BERTScore-deberta-xlarge-mnli
408,0.4564152791380999,0.12365063788027479,0.18021547502448582,0.579936683177948,0.6257858872413635,0.6019895672798157,BERTScore-deberta-xlarge-mnli
409,0.39469808541973495,0.09158050221565732,0.16494845360824745,0.5764425992965698,0.6013219952583313,0.5886195302009583,BERTScore-deberta-xlarge-mnli
410,0.5139664804469273,0.14606741573033707,0.22905027932960895,0.7069809436798096,0.676239550113678,0.6912686824798584,BERTScore-deberta-xlarge-mnli
411,0.3850267379679145,0.1252236135957066,0.13190730837789663,0.5990275144577026,0.6700641512870789,0.63255774974823,BERTScore-deberta-xlarge-mnli
412,0.4856321839080459,0.1585014409221902,0.2471264367816092,0.6402093768119812,0.7249227166175842,0.6799376010894775,BERTScore-deberta-xlarge-mnli
413,0.36928104575163395,0.06885245901639345,0.14052287581699346,0.5854871273040771,0.6168063282966614,0.6007388234138489,BERTScore-deberta-xlarge-mnli
414,0.29110512129380056,0.05135135135135135,0.14016172506738545,0.5262006521224976,0.5632832050323486,0.5441108345985413,BERTScore-deberta-xlarge-mnli
415,0.31620553359683795,0.09523809523809523,0.1422924901185771,0.5441616177558899,0.6491029262542725,0.5920177698135376,BERTScore-deberta-xlarge-mnli
416,0.35674470457079155,0.15418994413407822,0.16722408026755853,0.5492587089538574,0.6264864206314087,0.5853362679481506,BERTScore-deberta-xlarge-mnli
417,0.38815789473684215,0.09570957095709572,0.1644736842105263,0.5750916004180908,0.6099576950073242,0.5920117497444153,BERTScore-deberta-xlarge-mnli
418,0.3488843813387424,0.1629327902240326,0.19066937119675456,0.6143973469734192,0.7196860313415527,0.662886917591095,BERTScore-deberta-xlarge-mnli
419,0.3333333333333333,0.16289592760180996,0.22972972972972974,0.5219174027442932,0.621823787689209,0.5675071477890015,BERTScore-deberta-xlarge-mnli
420,0.46655231560891935,0.14113597246127368,0.1646655231560892,0.603249192237854,0.6754210591316223,0.6372983455657959,BERTScore-deberta-xlarge-mnli
421,0.4809619238476953,0.21327967806841047,0.1963927855711423,0.6319392919540405,0.7186551094055176,0.6725134253501892,BERTScore-deberta-xlarge-mnli
422,0.399260628465804,0.11873840445269017,0.2255083179297597,0.6405114531517029,0.7009807229042053,0.6693832278251648,BERTScore-deberta-xlarge-mnli
423,0.2174320524835989,0.06384976525821597,0.1105904404873477,0.43306148052215576,0.5670433640480042,0.4910777509212494,BERTScore-deberta-xlarge-mnli
424,0.503690036900369,0.133086876155268,0.1992619926199262,0.6067357659339905,0.5927257537841797,0.5996489524841309,BERTScore-deberta-xlarge-mnli
425,0.4315937940761636,0.1867043847241867,0.2228490832157969,0.632074773311615,0.7218272686004639,0.6739760637283325,BERTScore-deberta-xlarge-mnli
426,0.38591117917304746,0.25192012288786486,0.2572741194486983,0.5957857370376587,0.753713846206665,0.6655088067054749,BERTScore-deberta-xlarge-mnli
427,0.2971014492753623,0.09090909090909091,0.14855072463768115,0.5726000666618347,0.6664471626281738,0.6159695386886597,BERTScore-deberta-xlarge-mnli
428,0.5508982035928144,0.3123123123123123,0.3083832335329341,0.7053555846214294,0.7545274496078491,0.7291134595870972,BERTScore-deberta-xlarge-mnli
429,0.3247344461305008,0.09741248097412482,0.13960546282245828,0.5680954456329346,0.6569387316703796,0.6092954874038696,BERTScore-deberta-xlarge-mnli
430,0.2137404580152672,0.007692307692307692,0.09160305343511449,0.4995894134044647,0.46971067786216736,0.48418954014778137,BERTScore-deberta-xlarge-mnli
431,0.2667860340196956,0.06995515695067266,0.1199641897940913,0.45018285512924194,0.5204494595527649,0.4827727675437927,BERTScore-deberta-xlarge-mnli
432,0.42105263157894735,0.1342756183745583,0.21052631578947367,0.625129759311676,0.7123777270317078,0.6659080386161804,BERTScore-deberta-xlarge-mnli
433,0.3908701854493581,0.09728183118741059,0.15121255349500712,0.5994814038276672,0.6109121441841125,0.6051427721977234,BERTScore-deberta-xlarge-mnli
434,0.3559870550161813,0.1297297297297297,0.1574973031283711,0.5194313526153564,0.6496084928512573,0.5772720575332642,BERTScore-deberta-xlarge-mnli
435,0.396039603960396,0.07952286282306162,0.16633663366336632,0.5909633636474609,0.6452391743659973,0.6169098019599915,BERTScore-deberta-xlarge-mnli
436,0.3912037037037037,0.07192575406032484,0.1574074074074074,0.5807064175605774,0.5721032023429871,0.5763727426528931,BERTScore-deberta-xlarge-mnli
437,0.5518207282913166,0.300561797752809,0.30532212885154064,0.6544988751411438,0.7189580798149109,0.6852158308029175,BERTScore-deberta-xlarge-mnli
438,0.37627811860940696,0.15605749486652978,0.2494887525562372,0.6084682941436768,0.7007838487625122,0.6513714790344238,BERTScore-deberta-xlarge-mnli
439,0.46067415730337075,0.15492957746478872,0.18820224719101125,0.6054991483688354,0.651090145111084,0.6274676322937012,BERTScore-deberta-xlarge-mnli
440,0.42117376294591485,0.20761245674740483,0.20713463751438432,0.5868058204650879,0.6807772517204285,0.6303082704544067,BERTScore-deberta-xlarge-mnli
441,0.4246153846153847,0.09876543209876543,0.16923076923076924,0.6256494522094727,0.6272772550582886,0.6264622807502747,BERTScore-deberta-xlarge-mnli
442,0.29203539823008856,0.08579881656804733,0.13569321533923304,0.5599903464317322,0.6597998738288879,0.6058116555213928,BERTScore-deberta-xlarge-mnli
443,0.31775700934579443,0.18386491557223267,0.17196261682242991,0.5835011005401611,0.7593900561332703,0.6599267721176147,BERTScore-deberta-xlarge-mnli
444,0.39229843561973526,0.12062726176115803,0.17087845968712395,0.6040095090866089,0.6704287528991699,0.6354883909225464,BERTScore-deberta-xlarge-mnli
445,0.4292682926829268,0.19315403422982885,0.23170731707317074,0.5842347145080566,0.6582955121994019,0.6190578937530518,BERTScore-deberta-xlarge-mnli
446,0.4373401534526854,0.18205128205128207,0.20971867007672634,0.5765847563743591,0.6528516411781311,0.6123526692390442,BERTScore-deberta-xlarge-mnli
447,0.3528245787908821,0.10327706057596822,0.1466798810703667,0.5428953766822815,0.6119769811630249,0.5753700137138367,BERTScore-deberta-xlarge-mnli
448,0.46678023850085176,0.11965811965811965,0.1737649063032368,0.6217702627182007,0.6330177783966064,0.6273436546325684,BERTScore-deberta-xlarge-mnli
449,0.2992957746478873,0.053003533568904596,0.1267605633802817,0.582057535648346,0.6318504810333252,0.6059327721595764,BERTScore-deberta-xlarge-mnli
450,0.4256559766763849,0.10818713450292398,0.18950437317784258,0.5688800811767578,0.5992364883422852,0.5836638808250427,BERTScore-deberta-xlarge-mnli
451,0.46084337349397586,0.1933534743202417,0.24698795180722893,0.608144998550415,0.676104724407196,0.6403266787528992,BERTScore-deberta-xlarge-mnli
452,0.5014164305949008,0.10795454545454546,0.18696883852691218,0.6402251124382019,0.6704435348510742,0.6549859046936035,BERTScore-deberta-xlarge-mnli
453,0.4144486692015209,0.10305343511450382,0.18631178707224336,0.5985578894615173,0.6512563228607178,0.6237960457801819,BERTScore-deberta-xlarge-mnli
454,0.4444444444444445,0.1097345132743363,0.17636684303350972,0.6325178742408752,0.632534384727478,0.6325260996818542,BERTScore-deberta-xlarge-mnli
455,0.3232628398791541,0.06505295007564296,0.13595166163141995,0.466911256313324,0.5119176506996155,0.48837974667549133,BERTScore-deberta-xlarge-mnli
456,0.445578231292517,0.11604095563139934,0.16666666666666669,0.6076609492301941,0.5990435481071472,0.6033214926719666,BERTScore-deberta-xlarge-mnli
457,0.3,0.10810810810810811,0.15384615384615385,0.5706247091293335,0.6367005705833435,0.6018545031547546,BERTScore-deberta-xlarge-mnli
458,0.49372384937238495,0.2184873949579832,0.2510460251046025,0.6598023772239685,0.7083732485771179,0.683225691318512,BERTScore-deberta-xlarge-mnli
459,0.4034833091436865,0.13100436681222707,0.17126269956458634,0.5923275947570801,0.638299822807312,0.6144550442695618,BERTScore-deberta-xlarge-mnli
460,0.4600000000000001,0.17293233082706766,0.21000000000000002,0.6185816526412964,0.6669834852218628,0.6418713927268982,BERTScore-deberta-xlarge-mnli
461,0.3591756624141315,0.12389380530973451,0.15701668302257116,0.5462327599525452,0.6798520088195801,0.6057614684104919,BERTScore-deberta-xlarge-mnli
462,0.31385642737896496,0.08375209380234507,0.15358931552587649,0.606735110282898,0.6731445789337158,0.6382169127464294,BERTScore-deberta-xlarge-mnli
463,0.3114186851211072,0.10416666666666667,0.16608996539792387,0.5523799061775208,0.6800124645233154,0.6095870733261108,BERTScore-deberta-xlarge-mnli
464,0.28762541806020064,0.08389261744966445,0.1471571906354515,0.5297962427139282,0.6228643655776978,0.5725730061531067,BERTScore-deberta-xlarge-mnli
465,0.36791443850267386,0.0857449088960343,0.17540106951871656,0.5430125594139099,0.5953465104103088,0.5679765343666077,BERTScore-deberta-xlarge-mnli
466,0.324582338902148,0.05755395683453238,0.13842482100238662,0.5826226472854614,0.6228632926940918,0.6020713448524475,BERTScore-deberta-xlarge-mnli
467,0.4549483013293944,0.13925925925925925,0.1831610044313146,0.5776352286338806,0.5929251313209534,0.5851803421974182,BERTScore-deberta-xlarge-mnli
468,0.324801412180053,0.10433244916003535,0.16769638128861428,0.5011585354804993,0.5896449089050293,0.5418127179145813,BERTScore-deberta-xlarge-mnli
469,0.3963963963963964,0.11354838709677419,0.18275418275418276,0.5560610294342041,0.5925726890563965,0.5737365484237671,BERTScore-deberta-xlarge-mnli
470,0.4604651162790698,0.22429906542056074,0.21395348837209302,0.6229840517044067,0.7196212410926819,0.6678247451782227,BERTScore-deberta-xlarge-mnli
471,0.25688073394495414,0.025782688766114177,0.12110091743119267,0.5190920829772949,0.5706068873405457,0.5436317920684814,BERTScore-deberta-xlarge-mnli
472,0.3754266211604096,0.08561643835616438,0.16040955631399317,0.597373902797699,0.5681289434432983,0.5823845267295837,BERTScore-deberta-xlarge-mnli
473,0.3161676646706587,0.0864345738295318,0.162874251497006,0.5377060174942017,0.6084386110305786,0.5708897113800049,BERTScore-deberta-xlarge-mnli
474,0.35570469798657717,0.1447811447811448,0.19463087248322147,0.5659832954406738,0.6502178311347961,0.6051835417747498,BERTScore-deberta-xlarge-mnli
475,0.4682651622002821,0.14427157001414428,0.22002820874471085,0.611890435218811,0.6472121477127075,0.6290558576583862,BERTScore-deberta-xlarge-mnli
476,0.2957540263543192,0.06167400881057268,0.13469985358711567,0.538347601890564,0.5571167469024658,0.5475713610649109,BERTScore-deberta-xlarge-mnli
477,0.35114503816793896,0.1096938775510204,0.20101781170483463,0.568812906742096,0.6288037896156311,0.5973058342933655,BERTScore-deberta-xlarge-mnli
478,0.3588621444201313,0.09868421052631579,0.15098468271334795,0.5842815637588501,0.6541724801063538,0.617254912853241,BERTScore-deberta-xlarge-mnli
479,0.3946188340807176,0.11094452773613193,0.1973094170403588,0.5746909976005554,0.6704564094543457,0.6188909411430359,BERTScore-deberta-xlarge-mnli
480,0.3088803088803089,0.10465116279069768,0.15444015444015444,0.5668960809707642,0.6635657548904419,0.6114335656166077,BERTScore-deberta-xlarge-mnli
481,0.2450331125827815,0.05647840531561461,0.11589403973509935,0.543001651763916,0.6148831844329834,0.5767111778259277,BERTScore-deberta-xlarge-mnli
482,0.3442449841605069,0.10582010582010581,0.14783526927138332,0.5187503099441528,0.5698530673980713,0.5431022047996521,BERTScore-deberta-xlarge-mnli
483,0.42249240121580556,0.22560975609756095,0.2127659574468085,0.62552410364151,0.7149670124053955,0.6672616004943848,BERTScore-deberta-xlarge-mnli
484,0.3712784588441331,0.12302284710017575,0.13660245183887917,0.6041833162307739,0.6766597032546997,0.6383709907531738,BERTScore-deberta-xlarge-mnli
485,0.30099502487562185,0.08229426433915212,0.13184079601990048,0.5183190107345581,0.5853614807128906,0.5498039722442627,BERTScore-deberta-xlarge-mnli
486,0.4310575635876841,0.17181208053691271,0.17402945113788487,0.6167975664138794,0.6668040752410889,0.6408267617225647,BERTScore-deberta-xlarge-mnli
487,0.27843137254901956,0.06692913385826772,0.1215686274509804,0.5098719596862793,0.5478238463401794,0.5281670093536377,BERTScore-deberta-xlarge-mnli
488,0.2722689075630252,0.05733558178752108,0.13109243697478992,0.5574996471405029,0.6528549194335938,0.601421058177948,BERTScore-deberta-xlarge-mnli
489,0.4156626506024097,0.10876132930513596,0.16566265060240964,0.5909887552261353,0.6176754236221313,0.6040374636650085,BERTScore-deberta-xlarge-mnli
490,0.4276923076923077,0.191358024691358,0.22769230769230767,0.6045430898666382,0.6743313074111938,0.6375330090522766,BERTScore-deberta-xlarge-mnli
491,0.31141868512110726,0.06944444444444445,0.13494809688581313,0.5528181791305542,0.6036432981491089,0.5771138668060303,BERTScore-deberta-xlarge-mnli
492,0.3883928571428571,0.1704035874439462,0.22321428571428573,0.5690827965736389,0.6483594179153442,0.6061398983001709,BERTScore-deberta-xlarge-mnli
493,0.3893249607535321,0.11653543307086613,0.17896389324960751,0.5677178502082825,0.6141040325164795,0.5900006294250488,BERTScore-deberta-xlarge-mnli
494,0.2988165680473373,0.06231454005934718,0.1301775147928994,0.5069551467895508,0.5557308197021484,0.5302236080169678,BERTScore-deberta-xlarge-mnli
495,0.26542056074766357,0.09005628517823641,0.14205607476635515,0.5376253128051758,0.6975765228271484,0.6072445511817932,BERTScore-deberta-xlarge-mnli
496,0.45410628019323673,0.16478190630048464,0.20933977455716585,0.6073752641677856,0.6483047008514404,0.6271728873252869,BERTScore-deberta-xlarge-mnli
497,0.3535528596187175,0.10782608695652174,0.15944540727902948,0.5607607364654541,0.6483262777328491,0.6013725996017456,BERTScore-deberta-xlarge-mnli
498,0.5352112676056339,0.14150943396226418,0.2347417840375587,0.6861250996589661,0.6956890821456909,0.690873920917511,BERTScore-deberta-xlarge-mnli
499,0.23809523809523808,0.04509283819628647,0.11111111111111112,0.5050698518753052,0.5892964005470276,0.5439419150352478,BERTScore-deberta-xlarge-mnli
